kind	id	a	b	t0	r2_or_tfail	extra
fit	8	9.999999999408743	0.004927366682516991	1.480809705919659	0.983166844066943	6.492129987689326
fit	9	9.999878841646428	0.0026732697421378068	2.0933358931265045	0.99438432103625	11.330304281636668
fit	10	9.999999999999998	0.00246927339603098	0.0	0.6011561769741325	9.999950847913974
fit	11	9.999999996495538	0.002062924339072657	2.881830049509224	0.9848159055773859	14.851543204388657
fit	12	0.16658112905408146	0.09071234113700871	1.983221209830196	0.9828432088779405	12.087676308894471
fit	14	9.9999999999678	0.004094627234341193	1.111944825442734	0.9414444625105303	7.142435802339433
unit	id	sigma	S	a	b	t0	t_fail	t_alarm	hit	fa_rate
unit	0	0	0.17150235877700495	4.7662767211909225	5.91498799256023	0.004942191804621605	nan	nan	nan	0	305.55
unit	1	1	0.1104994487895336	5.867510368605203	33.09696995977721	0.0026820974034627546	10.564165840095898	13.369871648312493	0.001388888888888889	1	nan
unit	2	0	0.0675836924517922	9.494772358585028	5.497508943611402	0.270498285673489	nan	nan	nan	0	292.75
unit	3	1	0.0981777050517521	6.852359935060013	4.971312651416178	0.01136248146186046	22.109745675448764	26.427897130847445	0.001388888888888889	1	nan
unit	4	0	0.06271659177689277	8.94459617454187	0.21858514049547742	0.004926502592844074	nan	nan	nan	0	452.65
unit	5	1	0.2791776079740415	3.163557797834569	24.22296224407563	0.005082592872357374	63.51257388421032	65.53278093051763	0.06944444444444445	1	nan
unit	6	0	0.241511327416282	4.075903805078148	2.2929081972992176	0.0017220935766535468	nan	nan	nan	0	160.55
unit	7	1	0.06617259937531154	8.92814831892865	3.876227767731176	0.009923653348525676	77.3208486843042	83.61904936311944	0.043055555555555555	1	nan
unit	8	0	0.08687594411065401	8.141955282701556	4.029537798919741	0.023091760022055693	nan	nan	nan	0	311.6
unit	9	1	0.2791776079740415	3.163557797834569	5.31477108246807	0.026598060420749508	14.525651507814892	16.25381916939426	0.07916666666666666	1	nan
unit	10	0	0.5998237311057958	1.6316276612167815	0.6190412091948603	0.04685442280312514	nan	nan	nan	0	418.8
unit	11	1	0.47051878617467896	1.8354805616078302	0.7573228441370624	0.00612892099903067	5.108360522123511	51.651920214623125	0.5138888888888888	1	nan
unit	12	0	0.08567542351293418	8.472590372355025	8.407861922938656	0.007199536431827788	nan	nan	nan	0	59.15
unit	13	1	0.07353800740971879	8.566532747463366	8.085332789256265	0.0003393522289880335	65.54019745580763	155.27524567378163	0.004166666666666667	1	nan
unit	14	0	0.07509129666073337	8.448810807808941	26.0624925536839	0.014537741283179105	nan	nan	nan	0	324.8
unit	15	1	0.07889793219269021	8.499716642980067	24.339281668712058	0.003064991484416771	92.6736082607812	96.00773456227331	0.08333333333333333	1	nan
unit	16	0	0.06983644824742441	8.933652988792224	2.21872305754517	0.01914827922967366	nan	nan	nan	0	427.3
unit	17	1	0.06861560537297894	9.219327591281345	4.5486542324884045	0.0035992132583215386	24.017926995869715	38.88342409141835	0.05277777777777778	1	nan
unit	18	0	0.08628542398493783	8.361438060979085	9.265924034240475	0.0005627656582490727	nan	nan	nan	0	474.6
unit	19	1	1.3204525009121781	1.849384465237552	6.193938066904828	0.0032314060174111884	15.166447377419784	27.411510816944688	0.39444444444444443	1	nan
unit	20	0	0.241511327416282	4.075903805078148	4.486510391113837	0.014868962962866964	nan	nan	nan	0	483.7
unit	21	1	0.06570933727675661	8.085177409598394	10.270104421385142	0.1259262424496459	80.1645240647427	80.35551635735683	0.044444444444444446	1	nan
unit	22	0	0.07441020346924392	7.329060131644633	3.6111387402692303	0.021625497912200378	nan	nan	nan	0	536.05
unit	23	1	0.07368534337228515	8.428932672355476	3.2121626014096156	0.0008224494468064769	39.32578501707215	130.4547966703151	0.2125	1	nan
unit	24	0	0.17150235877700495	4.7662767211909225	0.3710600748973664	0.0027563125034319523	nan	nan	nan	0	162.6
unit	25	1	0.2791776079740415	3.163557797834569	19.781579105464978	0.015089980106195586	46.36522709353038	47.197489763888115	0.21944444444444444	1	nan
unit	26	0	0.07889793219269021	8.499716642980067	1.3862515670888629	0.0019986077894219244	nan	nan	nan	0	480.0
unit	27	1	0.0918794841646453	7.659592484860813	3.0574704441680276	0.002518070487825216	73.93363914035993	105.14633134941015	0.26666666666666666	1	nan
unit	28	0	0.07114186903476657	8.67536969930431	17.023804502798317	0.0017241746411353958	nan	nan	nan	0	166.6
unit	29	1	0.241511327416282	4.075903805078148	26.854434895371476	0.005424763021719946	94.44176390759338	96.1499276389648	0.09583333333333334	1	nan
unit	30	0	0.47051878617467896	1.8354805616078302	18.168763885490062	0.01484769468270083	nan	nan	nan	0	678.05
unit	31	1	0.07034099306314577	8.930675626709197	2.3609411010395562	0.013996446791629901	42.86112592509359	50.05226677506815	0.2916666666666667	1	nan
unit	32	0	0.07044084803853763	8.652551455057065	0.7390042161101485	0.0012084714549221748	nan	nan	nan	0	130.65
unit	33	1	0.07003120857964042	9.03106919272778	0.18132337986395342	0.0023724240450723327	74.97931255129998	440.24961304909084	0.125	0	nan
unit	34	0	0.07044084803853763	8.652551455057065	9.932538203228962	0.0040099775636060295	nan	nan	nan	0	17.7
unit	35	1	0.07003120857964042	9.03106919272778	20.954142893605766	0.004584627852997978	6.1168391629826	8.703789330671906	0.9361111111111111	1	nan
unit	36	0	0.2791776079740415	3.163557797834569	19.988407250290493	0.008882705306448307	nan	nan	nan	0	49.8
unit	37	1	0.06540208768606372	9.515689123814024	15.345756334866495	0.053387584143655756	45.540748885053006	45.84343858622395	0.04861111111111111	1	nan
unit	38	0	0.06271659177689277	8.94459617454187	16.895051422766368	0.001167911331735178	nan	nan	nan	0	269.5
unit	39	1	0.43684887945814554	2.2241310401199943	13.775638099157376	0.0025019642010382244	2.392056459678275	9.580516901485417	0.7986111111111112	1	nan
unit	40	0	0.08329095362678211	7.845857503657191	12.95095564227368	0.005705280620144996	nan	nan	nan	0	626.65
unit	41	1	0.07044084803853763	8.652551455057065	0.10206161914254791	0.00525146926634257	69.81767920987087	305.6049249758686	0.5055555555555555	0	nan
unit	42	0	0.0713143835022201	9.023670076799482	8.53932646675398	0.007151750736435441	nan	nan	nan	0	241.1
unit	43	1	0.07987593590847152	8.014140759840798	6.744866147691478	0.011154407754914273	68.83235249659994	72.0951727660474	0.5083333333333333	1	nan
unit	44	0	0.08329095362678211	7.845857503657191	17.030352785763792	0.00555162238801306	nan	nan	nan	0	82.6
unit	45	1	0.06861560537297894	9.219327591281345	5.139161526257726	0.0016219011781110162	12.429759198689085	41.7162986603856	0.06111111111111111	1	nan
unit	46	0	0.07651666925824759	8.73794474760024	11.039912081691238	0.013463959334690651	nan	nan	nan	0	511.0
unit	47	1	1.3204525009121781	1.849384465237552	5.314675934009559	0.003459883205588925	84.63827125391428	97.92389664859986	0.019444444444444445	1	nan
unit	48	0	0.07441020346924392	7.329060131644633	1.6530776138053564	0.008519288791009329	nan	nan	nan	0	279.1
unit	49	1	0.08972075944477054	8.532005144513137	55.99975747156206	0.014142657776544481	60.46235418269435	60.77731404866379	0.04861111111111111	1	nan
unit	50	0	0.06901479245493092	9.20419497808617	9.664089429573155	0.02677535770093374	nan	nan	nan	0	218.3
unit	51	1	0.06861560537297894	9.219327591281345	9.952826096284756	0.012182400967336455	89.31045264466721	91.34685003665808	0.06944444444444445	1	nan
unit	52	0	0.07353800740971879	8.566532747463366	1.3586017774057384	0.002533809507592415	nan	nan	nan	0	609.05
unit	53	1	0.07044084803853763	8.652551455057065	13.313538999389925	0.0037162842119597595	93.83219489114573	98.83820310489364	0.8055555555555556	1	nan
unit	54	0	0.06271659177689277	8.94459617454187	3.1792908974995853	0.0725035169917042	nan	nan	nan	0	97.55
unit	55	1	0.08687594411065401	8.141955282701556	9.062240875960859	0.0649339581320194	26.084818955900783	26.50391139884807	0.7097222222222223	1	nan
unit	56	0	0.06945089529985875	9.022742269823246	0.5197031106127562	0.013569898311399733	nan	nan	nan	0	543.65
unit	57	1	0.06540208768606372	9.515689123814024	2.5031805194962	0.0012972441921782257	22.214661055761056	95.59688577710796	0.5208333333333334	1	nan
unit	58	0	0.07987593590847152	8.014140759840798	0.5466741719320056	0.003553361292379917	nan	nan	nan	0	0.9
unit	59	1	0.06570933727675661	8.085177409598394	0.5856496470014839	0.0019042977250467914	79.79564007704616	266.47217666382153	0.04583333333333333	0	nan
unit	60	0	0.241511327416282	4.075903805078148	4.890062646116367	0.02109180408124652	nan	nan	nan	0	226.0
unit	61	1	0.08567542351293418	8.472590372355025	8.735736604354779	0.0011651698397525901	72.29964442985667	96.51605437217187	1.1527777777777777	1	nan
unit	62	0	0.06271659177689277	8.94459617454187	3.725534294097363	0.004130994819678254	nan	nan	nan	0	348.6
unit	63	1	0.08687594411065401	8.141955282701556	0.42307492677295316	0.0008342308939147015	29.5266747500758	586.0960419648984	0.08472222222222223	0	nan
unit	64	0	0.08628542398493783	8.361438060979085	0.2673441996253739	0.010004255436875102	nan	nan	nan	0	283.0
unit	65	1	0.07353800740971879	8.566532747463366	23.420973537851133	0.008946377581189883	60.84046925867712	62.02727657085085	0.4236111111111111	1	nan
unit	66	0	0.5998237311057958	1.6316276612167815	1.8072969856137187	0.0009113908975371329	nan	nan	nan	0	49.8
unit	67	1	0.06945089529985875	9.022742269823246	0.5256103433729143	0.014765768869851736	60.80523150020395	87.15605119155373	0.02361111111111111	1	nan
unit	68	0	0.5998237311057958	1.6316276612167815	7.840930317041723	0.0028269428771243127	nan	nan	nan	0	505.2
unit	69	1	0.07353800740971879	8.566532747463366	17.12531052829268	0.04664922204582382	11.60490833041671	11.915583316293036	0.05416666666666667	1	nan
unit	70	0	0.241511327416282	4.075903805078148	5.556985806782893	0.004930566205865955	nan	nan	nan	0	419.9
unit	71	1	0.43684887945814554	2.2241310401199943	3.301471512751158	0.005894596924424876	7.759637716401914	20.142799302141892	0.10694444444444444	1	nan
unit	72	0	0.07172854276038826	8.946408935785406	1.6674072632895518	0.0055446972967934105	nan	nan	nan	0	332.65
unit	73	1	0.07889793219269021	8.499716642980067	56.5677955037328	0.0006573538532873897	37.46946400394825	44.17778177717794	0.2222222222222222	1	nan
unit	74	0	0.07044084803853763	8.652551455057065	72.88537211179117	0.006604473971614934	nan	nan	nan	0	545.15
unit	75	1	0.2791776079740415	3.163557797834569	7.584944093399697	0.009536595679641843	84.06025918167293	87.46068626099415	0.7583333333333333	1	nan
unit	76	0	0.0675836924517922	9.494772358585028	0.3107553109292233	0.002533478346925462	nan	nan	nan	0	37.45
unit	77	1	0.06271659177689277	8.94459617454187	20.183696040558672	0.0020340982761097508	91.64430900446112	97.69620591746725	0.019444444444444445	1	nan
unit	78	0	0.47051878617467896	1.8354805616078302	26.94511841125684	0.007778157309257091	nan	nan	nan	0	243.3
unit	79	1	0.17150235877700495	4.7662767211909225	18.402745407099342	0.0283209849653313	24.044087227011076	24.52053540475599	0.07361111111111111	1	nan
unit	80	0	0.43684887945814554	2.2241310401199943	6.401095318895403	0.033336838662714634	nan	nan	nan	0	400.95
unit	81	1	0.07441020346924392	7.329060131644633	4.227698040479208	0.004444056301203567	37.593860961276434	50.52156343997194	0.3486111111111111	1	nan
unit	82	0	0.06570933727675661	8.085177409598394	4.543475070116962	0.011864000058917789	nan	nan	nan	0	621.45
unit	83	1	0.06271659177689277	8.94459617454187	1.3539019271030017	0.022689539225048343	32.77852046285758	40.246659119214485	1.1875	1	nan
unit	84	0	0.07044084803853763	8.652551455057065	0.0679400326168604	0.00208909166809929	nan	nan	nan	0	688.5
unit	85	1	0.06945089529985875	9.022742269823246	1.3410131695576213	0.0023025150551088565	46.58671302643456	120.82970289363467	1.0069444444444444	1	nan
unit	86	0	0.07651666925824759	8.73794474760024	2.448285042622943	0.007381672527138858	nan	nan	nan	0	122.25
unit	87	1	0.5998237311057958	1.6316276612167815	22.84022836758263	0.0004104545366228723	64.4371514268397	90.95928567495359	0.001388888888888889	1	nan
unit	88	0	0.0713143835022201	9.023670076799482	1.1574092894350496	0.0006223100073994267	nan	nan	nan	0	377.25
unit	89	1	0.2791776079740415	3.163557797834569	1.3232178532202519	0.0014056129047550056	6.370588540833237	129.4888180470074	0.19583333333333333	1	nan
unit	90	0	0.08235991544572548	8.816557300274935	2.995593509961402	0.006090268823029422	nan	nan	nan	0	370.75
unit	91	1	0.07003120857964042	9.03106919272778	4.670609401204529	0.0683308996660365	18.554683526981098	19.31777649358312	0.3375	1	nan
unit	92	0	0.07441020346924392	7.329060131644633	1.4806238412525008	0.008366977151708418	nan	nan	nan	0	11.0
unit	93	1	0.07003120857964042	9.03106919272778	24.52680656234616	0.00135887718229878	35.52627010931795	42.98929299370809	1.0722222222222222	1	nan
unit	94	0	0.07509129666073337	8.448810807808941	1.2938673989619922	0.015956374742482123	nan	nan	nan	0	338.85
unit	95	1	0.06617259937531154	8.92814831892865	2.1839068662144503	0.013834458560921152	31.879159268804543	39.713388297866764	0.07361111111111111	1	nan
unit	96	0	0.0675836924517922	9.494772358585028	4.324240072894278	0.0020348735816309027	nan	nan	nan	0	281.05
unit	97	1	0.43684887945814554	2.2241310401199943	1.014098381103327	0.002080270452199763	28.115926321937163	134.0440773309759	0.09583333333333334	1	nan
unit	98	0	0.07003120857964042	9.03106919272778	8.261373638425008	0.002643717820561071	nan	nan	nan	0	210.5
unit	99	1	0.06945089529985875	9.022742269823246	0.9299065809493259	0.014777094658886627	50.954596566218214	67.06780559853772	5.713888888888889	1	nan
unit	100	0	0.17150235877700495	4.7662767211909225	3.2047674073063845	0.006780055917938542	nan	nan	nan	0	236.85
unit	101	1	0.17150235877700495	4.7662767211909225	1.9639278217400662	0.0009076053790896921	59.955542723098866	191.9752255721446	0.004166666666666667	1	nan
unit	102	0	0.07651666925824759	8.73794474760024	2.241702060591668	0.005866302352275011	nan	nan	nan	0	194.05
unit	103	1	0.08235991544572548	8.816557300274935	2.4413093180918444	0.006106516491132944	60.855985313426345	76.82143951782493	0.30833333333333335	1	nan
unit	104	0	0.5998237311057958	1.6316276612167815	9.46266702725803	0.005330051583601461	nan	nan	nan	0	184.85
unit	105	1	0.06983644824742441	8.933652988792224	15.452640559548247	0.0019286516991020167	67.76908657421968	76.09043769348335	0.034722222222222224	1	nan
unit	106	0	0.08329095362678211	7.845857503657191	10.918825934259049	8.58274720854333e-05	nan	nan	nan	0	601.15
unit	107	1	0.47051878617467896	1.8354805616078302	0.7096904446992113	0.016629446325192438	32.61402984635121	50.761470930175776	0.12916666666666668	1	nan
unit	108	0	0.08329095362678211	7.845857503657191	319.6623056592956	0.001373026369727795	nan	nan	nan	0	425.8
unit	109	1	1.3204525009121781	1.849384465237552	1.128617702088659	0.002785387634266269	87.32484601011751	159.15963055674393	0.05694444444444444	1	nan
unit	110	0	0.2791776079740415	3.163557797834569	7.854509913503748	0.011428178931960886	nan	nan	nan	0	503.45
unit	111	1	0.06271659177689277	8.94459617454187	8.801091783391739	0.0035772181252998934	15.783091580445376	23.61308919874893	0.36666666666666664	1	nan
unit	112	0	0.07651666925824759	8.73794474760024	0.4328862224219923	0.0023052586513361843	nan	nan	nan	0	66.4
unit	113	1	0.06861560537297894	9.219327591281345	7.389711598599062	0.011284081624926983	11.129428509540777	14.077931223254604	0.26805555555555555	1	nan
unit	114	0	1.3204525009121781	1.849384465237552	11.409977659705671	0.03594958725630379	nan	nan	nan	0	419.7
unit	115	1	0.07509129666073337	8.448810807808941	32.37030458693012	0.020253672340386615	63.542213601314835	63.922068523980606	0.9152777777777777	1	nan
unit	116	0	0.43684887945814554	2.2241310401199943	2.6595547755281967	0.0032165010156767447	nan	nan	nan	0	506.15
unit	117	1	0.07889793219269021	8.499716642980067	1.747046268793427	0.0030905987394212386	11.264251647987106	54.538296283966474	0.13055555555555556	1	nan
unit	118	0	0.17150235877700495	4.7662767211909225	146.38779265985306	0.026485135768986392	nan	nan	nan	0	127.55
unit	119	1	0.06983644824742441	8.933652988792224	1.0203350837887022	0.0006404444931321756	79.20054520642263	421.3841796300214	0.9888888888888889	0	nan
unit	120	0	0.06271659177689277	8.94459617454187	1.4496399208409254	0.0015572451134914023	nan	nan	nan	0	350.5
unit	121	1	0.06617259937531154	8.92814831892865	59.685998096915135	0.003951846436663083	27.931402259887523	28.989095018590152	0.004166666666666667	1	nan
unit	122	0	0.07509129666073337	8.448810807808941	11.820002697917246	0.00042790648305724246	nan	nan	nan	0	85.25
unit	123	1	0.07003120857964042	9.03106919272778	1.205260460007719	0.0029124631756175393	86.206099506306	150.92424033153162	0.05416666666666667	1	nan
unit	124	0	0.07044084803853763	8.652551455057065	10.850040463429352	0.009547934700022702	nan	nan	nan	0	224.3
unit	125	1	0.241511327416282	4.075903805078148	27.78352606057741	0.002707071847311356	23.479663954343202	26.788736053561088	0.10277777777777777	1	nan
unit	126	0	0.07044084803853763	8.652551455057065	17.070597046825927	0.001993095844295252	nan	nan	nan	0	239.0
unit	127	1	0.1104994487895336	5.867510368605203	3.2253350342470757	0.0011881872087132544	93.68741398484163	156.51762719932827	0.1111111111111111	1	nan
unit	128	0	0.08567542351293418	8.472590372355025	6.707061663699859	0.005195969925126922	nan	nan	nan	0	374.7
unit	129	1	0.2791776079740415	3.163557797834569	0.3280264635892947	0.007807785727893207	59.00446415267898	131.5634950124421	0.32222222222222224	1	nan
unit	130	0	0.47051878617467896	1.8354805616078302	2.9799532834837623	0.051215700561955464	nan	nan	nan	0	97.65
unit	131	1	0.241511327416282	4.075903805078148	0.9987462523346481	0.015759917903874102	12.059491757996767	26.234348852416176	1.8277777777777777	1	nan
unit	132	0	0.07651666925824759	8.73794474760024	2.4041231303606834	0.007041897038637148	nan	nan	nan	0	442.45
unit	133	1	0.06293562568174967	9.307313720240804	3.4913199487659012	0.0050372907907547644	74.25830521290875	87.98763035724585	0.21805555555555556	1	nan
unit	134	0	0.07353800740971879	8.566532747463366	2.9518400308861823	0.0007659163285798381	nan	nan	nan	0	219.95
unit	135	1	0.2791776079740415	3.163557797834569	0.0884235897194016	0.009484437586848835	84.24676656998804	225.75853640459115	0.05277777777777778	0	nan
unit	136	0	0.43684887945814554	2.2241310401199943	8.420844954202877	0.0015922329067585659	nan	nan	nan	0	205.75
unit	137	1	0.07353800740971879	8.566532747463366	1.9840400071601891	0.0061336782243578605	32.51285818117407	51.8611889698295	0.058333333333333334	1	nan
unit	138	0	0.08972075944477054	8.532005144513137	102.07805528779333	0.0025066224122046185	nan	nan	nan	0	520.5
unit	139	1	0.07003120857964042	9.03106919272778	0.8113341293485563	0.009496425292927994	41.38962788894547	69.67417012733299	0.08472222222222223	1	nan
unit	140	0	0.07987593590847152	8.014140759840798	70.75613006564532	0.005143376797304693	nan	nan	nan	0	301.15
unit	141	1	0.07889793219269021	8.499716642980067	7.073452905666327	0.0075195186517433375	71.15698080292226	75.77604988786658	0.05277777777777778	1	nan
unit	142	0	0.06983644824742441	8.933652988792224	2.387802175945423	0.01863594310129859	nan	nan	nan	0	325.15
unit	143	1	0.06293562568174967	9.307313720240804	17.85093290672436	0.011742626122415941	81.4791587291762	82.66353674347636	0.03333333333333333	1	nan
unit	144	0	0.06901479245493092	9.20419497808617	75.77731616255329	0.04296738173107427	nan	nan	nan	0	334.15
unit	145	1	0.07353800740971879	8.566532747463366	10.195922523611678	0.00037852867453299065	70.54014037463416	134.53483083839438	0.1	1	nan
unit	146	0	0.07368534337228515	8.428932672355476	8.276349004648036	0.02275845730367982	nan	nan	nan	0	156.4
unit	147	1	0.06293562568174967	9.307313720240804	1.1085071715456636	0.0005869434881412938	3.0631433177454883	349.5568234575531	0.7027777777777777	0	nan
unit	148	0	0.5998237311057958	1.6316276612167815	1.006441336157182	0.004410712057605781	nan	nan	nan	0	626.9
unit	149	1	0.08329095362678211	7.845857503657191	32.418410615772494	0.0005106541862697134	25.5284844794624	40.57209849828202	0.08472222222222223	1	nan
unit	150	0	0.06945089529985875	9.022742269823246	7.148306472103337	0.0016202795256876322	nan	nan	nan	0	231.0
unit	151	1	0.07368534337228515	8.428932672355476	3.027995783441638	0.010058990538830566	90.58130414578736	98.4679057528259	0.14722222222222223	1	nan
unit	152	0	0.06293562568174967	9.307313720240804	2.0472133378493016	0.005229860398899492	nan	nan	nan	0	127.8
unit	153	1	0.06983644824742441	8.933652988792224	39.199181765804056	0.0005610636143291309	49.19819505047104	60.529232410447236	0.35555555555555557	1	nan
unit	154	0	0.07889793219269021	8.499716642980067	0.22171363172415492	0.001825746770003446	nan	nan	nan	0	23.25
unit	155	1	0.08567542351293418	8.472590372355025	4.07962221402331	0.001822646207603737	44.42559967683656	77.05722063522524	0.02638888888888889	1	nan
unit	156	0	0.0675836924517922	9.494772358585028	23.422769021291483	0.002824315106821337	nan	nan	nan	0	144.9
unit	157	1	0.07889793219269021	8.499716642980067	2.8937604776229526	0.03507710373630771	22.642909996314643	25.005215296743344	0.0875	1	nan
unit	158	0	0.5998237311057958	1.6316276612167815	2.0171407213886843	0.058512053720091106	nan	nan	nan	0	452.3
unit	159	1	0.07003120857964042	9.03106919272778	0.44591982927790996	0.004099469439883184	98.84909775631712	207.42297335848417	0.10138888888888889	0	nan
unit	160	0	0.07368534337228515	8.428932672355476	28.082016284564116	0.0009200929462455756	nan	nan	nan	0	233.2
unit	161	1	0.17150235877700495	4.7662767211909225	1.3717410966364778	0.009467085074366307	93.54411429780973	111.2284928986944	0.0625	1	nan
unit	162	0	0.08972075944477054	8.532005144513137	8.690826458339233	0.0019807647210713423	nan	nan	nan	0	478.7
unit	163	1	0.06945089529985875	9.022742269823246	15.462991544301444	0.012744782196768546	80.03402381977492	81.29244708409094	0.5458333333333333	1	nan
unit	164	0	0.08687594411065401	8.141955282701556	5.2335644337516145	0.004677953525487513	nan	nan	nan	0	33.55
unit	165	1	0.2791776079740415	3.163557797834569	6.439445261717994	0.051548556035477464	21.115312222704752	21.85419913224471	0.4652777777777778	1	nan
unit	166	0	0.06271659177689277	8.94459617454187	2.9239621401512452	0.0007320986468883555	nan	nan	nan	0	677.65
unit	167	1	0.07003120857964042	9.03106919272778	0.3291504817794752	0.0004295533333421208	79.59865576340707	1395.0285727758087	0.10833333333333334	0	nan
unit	168	0	0.08329095362678211	7.845857503657191	10.14681823219509	0.011350177635006519	nan	nan	nan	0	435.5
unit	169	1	0.06983644824742441	8.933652988792224	6.914245459455275	0.0042934387102908375	49.70896674610014	57.98180030517555	0.5041666666666667	1	nan
unit	170	0	0.08972075944477054	8.532005144513137	2.694694355062262	0.006611987120045406	nan	nan	nan	0	75.75
unit	171	1	0.241511327416282	4.075903805078148	21.492672802073884	0.0010725478785335615	85.76892071420419	96.55141462480799	0.8277777777777777	1	nan
unit	172	0	0.07651666925824759	8.73794474760024	10.33800869095722	0.006940702071388328	nan	nan	nan	0	2.3
unit	173	1	0.06271659177689277	8.94459617454187	0.22725879653194347	0.001016781563215723	70.1663457124733	799.8898970287453	0.05	0	nan
unit	174	0	0.06271659177689277	8.94459617454187	0.8958476361152332	0.0015537233590825089	nan	nan	nan	0	156.5
unit	175	1	0.08628542398493783	8.361438060979085	1.6971146182453891	0.016735468490725793	96.53236013864719	104.74360730086737	0.3347222222222222	1	nan
unit	176	0	0.08235991544572548	8.816557300274935	14.58755599666394	0.0026754364596014877	nan	nan	nan	0	8.7
unit	177	1	0.07114186903476657	8.67536969930431	9.144159251246998	0.009564475533104144	53.996583855349186	56.816685965651104	0.4305555555555556	1	nan
unit	178	0	0.47051878617467896	1.8354805616078302	57.94431485386286	0.008254721257549372	nan	nan	nan	0	106.15
unit	179	1	1.3204525009121781	1.849384465237552	12.91869710442501	0.037232868507807104	8.228127027386316	8.742912286269227	1.1611111111111112	1	nan
unit	180	0	0.08329095362678211	7.845857503657191	5.734570922746894	0.006026543234641124	nan	nan	nan	0	174.2
unit	181	1	0.07003120857964042	9.03106919272778	304.11274072021655	0.0004672977780342568	1.0158816318954769	2.7743446119481296	0.14166666666666666	1	nan
unit	182	0	0.07044084803853763	8.652551455057065	3.4504133733939413	0.008844925718334864	nan	nan	nan	0	459.45
unit	183	1	0.07114186903476657	8.67536969930431	3.3226050556054365	0.005049850685934093	45.69502995077481	60.060980767672774	0.1	1	nan
unit	184	0	0.07889793219269021	8.499716642980067	6.2175910665607255	0.006074828251740167	nan	nan	nan	0	593.15
unit	185	1	0.07509129666073337	8.448810807808941	0.6603859451267963	0.0012525531137866095	77.30787989168492	333.6197217881569	0.0125	0	nan
unit	186	0	0.06983644824742441	8.933652988792224	14.314508046579968	0.01803974594687855	nan	nan	nan	0	312.85
unit	187	1	0.07889793219269021	8.499716642980067	3.010510186389652	0.008002570772363113	52.887583275531824	62.856144973828435	0.16111111111111112	1	nan
unit	188	0	0.07987593590847152	8.014140759840798	2.5984690950844684	0.011971097088682207	nan	nan	nan	0	187.95
unit	189	1	0.06617259937531154	8.92814831892865	3.406768741897049	0.012314446696599968	88.35356345124708	94.10417838111623	0.06527777777777778	1	nan
unit	190	0	0.07353800740971879	8.566532747463366	31.53418866754428	0.002001409372242837	nan	nan	nan	0	34.35
unit	191	1	0.06570933727675661	8.085177409598394	27.20987478395137	0.0003288562139473458	14.444401060347555	42.255611713551104	0.006944444444444444	1	nan
unit	192	0	0.06901479245493092	9.20419497808617	0.4233585054847425	0.0069439254555481965	nan	nan	nan	0	485.75
unit	193	1	0.0713143835022201	9.023670076799482	0.2580986125397985	0.01067154939056546	33.666587940968455	97.137579085933	0.002777777777777778	1	nan
unit	194	0	0.07368534337228515	8.428932672355476	0.8657994191578354	0.0005423506547789207	nan	nan	nan	0	558.3
unit	195	1	0.06945089529985875	9.022742269823246	24.061203024044513	0.00426760346864128	40.535489912438074	42.95759020386917	0.016666666666666666	1	nan
unit	196	0	0.0918794841646453	7.659592484860813	0.8284981514929699	0.0022459285924013362	nan	nan	nan	0	655.25
unit	197	1	0.07114186903476657	8.67536969930431	3.0779686565380424	0.0072085051149413885	8.60281993720642	19.43616905163125	0.19166666666666668	1	nan
unit	198	0	0.07889793219269021	8.499716642980067	0.8875733663868581	0.0016253490294669305	nan	nan	nan	0	349.3
unit	199	1	0.07353800740971879	8.566532747463366	11.185843573772202	0.024688129951507896	53.79306296689022	54.688375159914145	0.058333333333333334	1	nan
unit	200	0	0.06901479245493092	9.20419497808617	9.504550389355137	0.015221082844347594	nan	nan	nan	0	228.15
unit	201	1	0.07034099306314577	8.930675626709197	12.884886574804698	0.0004072352871306619	89.96236524723132	137.15067919814948	0.375	1	nan
unit	202	0	0.07987593590847152	8.014140759840798	20.966859711668615	0.0030535363060803255	nan	nan	nan	0	320.55
unit	203	1	0.06901479245493092	9.20419497808617	0.6410269824184455	0.005840967850805837	44.635324684771845	101.0135086484945	0.2847222222222222	1	nan
unit	204	0	0.0675836924517922	9.494772358585028	5.3772297080617095	0.0033936170560089174	nan	nan	nan	0	610.05
unit	205	1	0.07889793219269021	8.499716642980067	0.4267834301354889	0.0007648553462474703	17.645561318610113	620.4714844265044	0.06111111111111111	0	nan
unit	206	0	0.07889793219269021	8.499716642980067	7.33573438323727	0.019169393978411994	nan	nan	nan	0	244.75
unit	207	1	0.06540208768606372	9.515689123814024	15.066428227053672	0.001177830903465934	99.60718579957133	113.57949729743915	0.34444444444444444	1	nan
unit	208	0	0.07353800740971879	8.566532747463366	44.978575403377064	0.02007121655176633	nan	nan	nan	0	26.65
unit	209	1	0.1104994487895336	5.867510368605203	3.9780030805464284	0.0007742732596675629	49.66548917604672	128.38426323353121	0.0875	1	nan
unit	210	0	0.2791776079740415	3.163557797834569	12.831990264868125	0.008826624929135659	nan	nan	nan	0	350.2
unit	211	1	0.07114186903476657	8.67536969930431	25.767072328584277	0.036444711424057794	19.08674523893682	19.351681898020598	0.8069444444444445	1	nan
unit	212	0	0.06861560537297894	9.219327591281345	31.954767608146593	0.014358617824879934	nan	nan	nan	0	164.05
unit	213	1	0.06617259937531154	8.92814831892865	4.495608493500788	0.1280134607275789	56.47551652577091	56.89827388631317	0.022222222222222223	1	nan
unit	214	0	0.0981777050517521	6.852359935060013	12.381762964222993	0.010357265329329726	nan	nan	nan	0	522.7
unit	215	1	0.07044084803853763	8.652551455057065	6.744894484263295	0.0001684118323858746	99.70733719785945	315.8125659590602	0.18611111111111112	0	nan
unit	216	0	0.07044084803853763	8.652551455057065	0.621053411839015	0.0020265428103615197	nan	nan	nan	0	229.45
unit	217	1	0.43684887945814554	2.2241310401199943	71.43958540065009	0.00042866595279951735	60.430705005254	68.58006119248364	0.0375	1	nan
unit	218	0	0.2791776079740415	3.163557797834569	5.044953360466331	0.021388473151532333	nan	nan	nan	0	126.85
unit	219	1	0.08235991544572548	8.816557300274935	0.6626251640618883	0.005580449996277631	40.57839286239376	97.94218529081394	0.16666666666666666	1	nan
unit	220	0	0.08628542398493783	8.361438060979085	5.447226868619277	0.07361910294966077	nan	nan	nan	0	291.1
unit	221	1	0.06617259937531154	8.92814831892865	13.584363004948301	0.0010628629856538623	37.1541081506821	54.31174553781776	0.10694444444444444	1	nan
unit	222	0	0.06570933727675661	8.085177409598394	2.17254986189432	0.018135544451703907	nan	nan	nan	0	322.1
unit	223	1	0.43684887945814554	2.2241310401199943	6.68237082746731	0.01657270297053718	59.994158126622715	62.21039446618214	0.05555555555555555	1	nan
unit	224	0	0.17150235877700495	4.7662767211909225	0.8506249582094809	0.0034787929369850335	nan	nan	nan	0	241.85
unit	225	1	0.06901479245493092	9.20419497808617	5.392883750690431	0.0004840879589734896	36.02010559395178	129.6290805384112	0.1361111111111111	1	nan
unit	226	0	0.06617259937531154	8.92814831892865	82.20853368563472	0.008465090884420165	nan	nan	nan	0	557.4
unit	227	1	0.06983644824742441	8.933652988792224	16.86981304589096	0.014763814234582182	6.776008333521061	7.772406401980808	0.4013888888888889	1	nan
unit	228	0	0.07003120857964042	9.03106919272778	74.01865167937609	0.011639320000801399	nan	nan	nan	0	532.8
unit	229	1	0.07353800740971879	8.566532747463366	5.1454034743286945	0.00728701701286589	52.52239275700658	59.033094689977816	0.3333333333333333	1	nan
unit	230	0	0.47051878617467896	1.8354805616078302	15.662033478420273	0.007711863972494927	nan	nan	nan	0	473.4
unit	231	1	0.08628542398493783	8.361438060979085	29.59108740288861	0.0010987162887297576	72.22271772278049	79.8798364324046	0.008333333333333333	1	nan
unit	232	0	0.07044084803853763	8.652551455057065	14.630358634763862	0.00024092813982443917	nan	nan	nan	0	206.25
unit	233	1	0.0713143835022201	9.023670076799482	11.98737055136616	0.012774768776439823	36.46269582045061	38.078442345186595	0.9277777777777778	1	nan
unit	234	0	0.0675836924517922	9.494772358585028	11.086905247628549	0.004183701488245593	nan	nan	nan	0	316.35
unit	235	1	0.47051878617467896	1.8354805616078302	0.5393501427129397	0.0017139882341612525	89.70288356010263	311.90104091152085	0.11805555555555555	0	nan
unit	236	0	0.06983644824742441	8.933652988792224	1.4488179704237223	0.007368730677684578	nan	nan	nan	0	285.6
unit	237	1	0.07441020346924392	7.329060131644633	3.205429759921838	0.0595419354579263	44.74666105300928	46.00796814497837	0.2847222222222222	1	nan
unit	238	0	0.07368534337228515	8.428932672355476	0.42458706392687656	0.02073527744202915	nan	nan	nan	0	2.9
unit	239	1	0.06983644824742441	8.933652988792224	0.6228537737828735	0.0031690976670602122	55.410096622283675	161.8934873294409	0.8333333333333334	1	nan
unit	240	0	0.07003120857964042	9.03106919272778	1.6812112425206214	0.011369524877656408	nan	nan	nan	0	332.95
unit	241	1	0.07987593590847152	8.014140759840798	5.129008340313997	0.0006803215220197111	56.908468088608416	126.86318474385085	0.30277777777777776	1	nan
unit	242	0	0.06271659177689277	8.94459617454187	6.041014865287186	0.014746262548808352	nan	nan	nan	0	85.7
unit	243	1	0.06983644824742441	8.933652988792224	3.329058128772825	0.0009434674603886486	43.317834258466014	120.06690780287349	0.07361111111111111	1	nan
unit	244	0	0.07199640505015065	8.991666639725787	27.72736758206206	0.03280693212219077	nan	nan	nan	0	502.8
unit	245	1	0.07509129666073337	8.448810807808941	122.78999659251959	0.032075309430974294	82.5848046647836	82.64821563968549	0.001388888888888889	1	nan
unit	246	0	0.08972075944477054	8.532005144513137	2.327320287197394	0.004365542936396896	nan	nan	nan	0	266.6
unit	247	1	1.3204525009121781	1.849384465237552	6.9315025772668575	0.0035648801251946826	53.84268906405308	63.781879360910274	5.1125	1	nan
unit	248	0	0.0981777050517521	6.852359935060013	52.45341642801973	0.000357658372845483	nan	nan	nan	0	348.85
unit	249	1	0.5998237311057958	1.6316276612167815	22.03715965136873	0.018276630851885745	61.380537788258636	61.99775267847675	0.17083333333333334	1	nan
unit	250	0	0.17150235877700495	4.7662767211909225	1.3605849138819268	0.00042687820138825525	nan	nan	nan	0	185.75
unit	251	1	0.06983644824742441	8.933652988792224	3.665152636237564	0.039262101117746126	14.397004026243819	16.07761542712013	0.2625	1	nan
unit	252	0	0.07353800740971879	8.566532747463366	1.2274284672413815	0.005856347051184097	nan	nan	nan	0	444.15
unit	253	1	0.07114186903476657	8.67536969930431	0.8767420547413929	0.02208520451514819	78.80775765316982	90.16707212466063	0.12361111111111112	1	nan
unit	254	0	0.06861560537297894	9.219327591281345	0.5595669648937482	0.000910374140282344	nan	nan	nan	0	559.6
unit	255	1	0.08628542398493783	8.361438060979085	5.761644700360722	0.05386654824305221	6.52556225602235	7.314092446157928	0.2861111111111111	1	nan
unit	256	0	0.07034099306314577	8.930675626709197	0.9065117359691537	0.013343390182711898	nan	nan	nan	0	626.6
unit	257	1	0.07199640505015065	8.991666639725787	5.013007909485075	0.04889279968453799	90.41023060574351	91.40560402385199	0.6972222222222222	1	nan
unit	258	0	0.07003120857964042	9.03106919272778	0.6987705111782815	0.0717997207839571	nan	nan	nan	0	178.85
unit	259	1	0.07441020346924392	7.329060131644633	0.8960752462253544	0.004569303636976466	32.20600397748193	86.05976046661866	0.1375	1	nan
unit	260	0	0.0675836924517922	9.494772358585028	0.5345998445463152	0.03041277873501463	nan	nan	nan	0	276.55
unit	261	1	0.06945089529985875	9.022742269823246	5.279304795156241	0.0005620438341568998	61.67304863534482	143.99344464863256	0.5208333333333334	1	nan
unit	262	0	0.1104994487895336	5.867510368605203	14.903141276324588	0.007474719864837745	nan	nan	nan	0	206.3
unit	263	1	0.08235991544572548	8.816557300274935	5.863570215627284	0.001083539470310874	87.2212857547712	125.75449763717307	0.38055555555555554	1	nan
unit	264	0	0.07353800740971879	8.566532747463366	0.10649655745018183	0.006266570678176994	nan	nan	nan	0	591.8
unit	265	1	0.07172854276038826	8.946408935785406	4.4493480346929974	0.005614096787976171	37.078709954368016	46.816021003488814	0.15833333333333333	1	nan
unit	266	0	0.07651666925824759	8.73794474760024	13.03385178214791	0.09942286111776527	nan	nan	nan	0	624.3
unit	267	1	0.07987593590847152	8.014140759840798	0.8016843868148903	0.0027850773925060983	57.06802626504369	154.52791686607878	0.07083333333333333	1	nan
unit	268	0	0.08972075944477054	8.532005144513137	22.266163395379227	0.0010990556072502503	nan	nan	nan	0	65.5
unit	269	1	0.07509129666073337	8.448810807808941	0.049729684268118905	0.002716169804716213	44.41079166166038	705.7387355630958	0.0763888888888889	0	nan
unit	270	0	0.06271659177689277	8.94459617454187	0.4761969192246351	0.0021365327200434476	nan	nan	nan	0	128.45
unit	271	1	0.47051878617467896	1.8354805616078302	1.4350507845777405	0.019590301064632575	72.61089331107532	80.80859601613155	0.2125	1	nan
unit	272	0	0.07353800740971879	8.566532747463366	0.7483020613420164	0.02782780453819733	nan	nan	nan	0	166.4
unit	273	1	0.06540208768606372	9.515689123814024	11.817630604573315	0.007516650509108386	62.94425918924199	65.72929966525946	0.37083333333333335	1	nan
unit	274	0	0.08329095362678211	7.845857503657191	4.163784570676128	0.013843609221248984	nan	nan	nan	0	284.6
unit	275	1	0.06271659177689277	8.94459617454187	95.2648483320446	0.011149294174543212	70.2868186146999	70.52188510577963	0.1	1	nan
unit	276	0	0.08972075944477054	8.532005144513137	2.210837555151015	0.020963814849236036	nan	nan	nan	0	15.05
unit	277	1	0.43684887945814554	2.2241310401199943	14.328604510376932	0.011861751372577696	56.86308109426175	58.32131050342692	0.12361111111111112	1	nan
unit	278	0	0.07889793219269021	8.499716642980067	2.066936651970321	0.006074168179609411	nan	nan	nan	0	487.05
unit	279	1	0.0675836924517922	9.494772358585028	185.19579495656507	0.029463462183306175	52.12521056220785	52.17099650292204	0.019444444444444445	1	nan
unit	280	0	0.07987593590847152	8.014140759840798	1.4493040498660064	0.0009969642993502717	nan	nan	nan	0	400.05
unit	281	1	0.06617259937531154	8.92814831892865	1.0635629948649719	0.002973159547992435	19.3996130144958	90.40781075605038	0.06527777777777778	1	nan
unit	282	0	0.06861560537297894	9.219327591281345	24.05397703413553	0.005718735869044026	nan	nan	nan	0	648.9
unit	283	1	0.08972075944477054	8.532005144513137	27.904691434091916	0.002427251445192519	69.79263992684064	73.46723765799764	0.6555555555555556	1	nan
unit	284	0	0.07987593590847152	8.014140759840798	6.08644634480191	0.011201133487994104	nan	nan	nan	0	270.15
unit	285	1	0.07353800740971879	8.566532747463366	118.95798721675368	0.06358892901098302	83.89925931163526	83.93227413189582	0.23333333333333334	1	nan
unit	286	0	0.06293562568174967	9.307313720240804	6.033035129895262	0.0016138982325605068	nan	nan	nan	0	284.35
unit	287	1	0.06540208768606372	9.515689123814024	7.29634923683596	0.009957203122891662	64.81369010401127	68.19714855036135	0.018055555555555554	1	nan
unit	288	0	0.47051878617467896	1.8354805616078302	4.187396317602207	0.0026385400295093047	nan	nan	nan	0	374.45
unit	289	1	0.07199640505015065	8.991666639725787	2.443176407101204	0.0038553396025785705	30.9553267418326	56.224778629549775	0.029166666666666667	1	nan
unit	290	0	1.3204525009121781	1.849384465237552	1.1600976437652155	0.0024015134013011565	nan	nan	nan	0	123.05
unit	291	1	0.07034099306314577	8.930675626709197	5.151825890504293	0.004114686746664977	41.003427169434104	52.51969402533155	0.008333333333333333	1	nan
unit	292	0	0.07889793219269021	8.499716642980067	0.1372012318877331	0.004756925052761379	nan	nan	nan	0	156.3
unit	293	1	0.08235991544572548	8.816557300274935	21.73955352080674	0.006182430497068449	98.73171753504806	100.58117728513194	0.8930555555555556	1	nan
unit	294	0	0.07651666925824759	8.73794474760024	362.8908468394585	0.0009901683243959108	nan	nan	nan	0	569.35
unit	295	1	0.06293562568174967	9.307313720240804	0.19675557943354965	0.008191221625378902	57.679843371894115	157.79304205271922	0.36666666666666664	1	nan
unit	296	0	0.07509129666073337	8.448810807808941	53.35574233228094	0.007017289928544213	nan	nan	nan	0	460.05
unit	297	1	0.06901479245493092	9.20419497808617	1.2470526821990409	0.009857367739393205	32.356313243039104	50.892233636867786	0.26805555555555555	1	nan
unit	298	0	0.08567542351293418	8.472590372355025	7.842885538521225	0.00420507125770929	nan	nan	nan	0	674.85
unit	299	1	0.07987593590847152	8.014140759840798	0.9922832694351637	0.007479310777642954	85.87482196873565	115.91738845778522	0.5194444444444445	1	nan
unit	300	0	0.0918794841646453	7.659592484860813	13.477260518811043	0.00615711033284762	nan	nan	nan	0	129.6
unit	301	1	0.07651666925824759	8.73794474760024	4.7843355514652535	0.012596185696322464	36.68374376351328	40.727380321422444	0.475	1	nan
unit	302	0	0.241511327416282	4.075903805078148	2.122941878635846	0.0035788913614503747	nan	nan	nan	0	328.4
unit	303	1	0.43684887945814554	2.2241310401199943	3.0862836402776277	0.0025630342731378427	26.21821846668757	56.60791871191189	0.6194444444444445	1	nan
unit	304	0	0.07987593590847152	8.014140759840798	0.8485593845813414	0.04643649014588803	nan	nan	nan	0	580.0
unit	305	1	0.241511327416282	4.075903805078148	8.579033882961262	0.010732096393646126	9.94444110729138	12.620925592860534	0.12361111111111112	1	nan
unit	306	0	0.07003120857964042	9.03106919272778	35.610505259490395	0.013270570315501487	nan	nan	nan	0	127.15
unit	307	1	0.07441020346924392	7.329060131644633	10.120107620435984	0.00131536145320848	27.74343409835367	46.29582663684185	0.40694444444444444	1	nan
unit	308	0	0.06945089529985875	9.022742269823246	7.863695149096444	0.02292532828212172	nan	nan	nan	0	209.15
unit	309	1	0.07353800740971879	8.566532747463366	14.559750003658435	0.0059585095768483025	78.01007554572537	80.86731276852397	0.06111111111111111	1	nan
unit	310	0	0.06540208768606372	9.515689123814024	1.564898888903191	0.0332243845665802	nan	nan	nan	0	138.3
unit	311	1	0.06983644824742441	8.933652988792224	337.4140625916756	0.0026120589166185636	18.195860335142665	18.47941253441558	0.4527777777777778	1	nan
unit	312	0	0.06861560537297894	9.219327591281345	0.3953470826066257	0.0010789148911122168	nan	nan	nan	0	646.55
unit	313	1	0.07509129666073337	8.448810807808941	425.35345250192756	0.018165782677570505	46.33636818940054	46.368713277312395	0.49583333333333335	1	nan
unit	314	0	0.07034099306314577	8.930675626709197	16.411725657057183	0.004869388799352492	nan	nan	nan	0	572.2
unit	315	1	0.47051878617467896	1.8354805616078302	15.629054918777173	0.0027425258689163993	94.09676466335141	99.88313245694457	0.044444444444444446	1	nan
unit	316	0	0.06983644824742441	8.933652988792224	42.339916452166285	0.014963022412892784	nan	nan	nan	0	248.85
unit	317	1	0.1104994487895336	5.867510368605203	0.5653177659747048	0.0013985342633464834	14.827880450396476	276.6662587056464	0.0375	0	nan
unit	318	0	0.08628542398493783	8.361438060979085	5.280100995025446	0.21571263455604084	nan	nan	nan	0	459.9
unit	319	1	0.07003120857964042	9.03106919272778	5.657957679151189	0.0030463047446953953	99.57227276268594	113.76560269132332	0.008333333333333333	1	nan
unit	320	0	0.08972075944477054	8.532005144513137	12.901259165348966	0.0015639770798789017	nan	nan	nan	0	408.35
unit	321	1	0.0713143835022201	9.023670076799482	0.600357112855333	0.001199009851632066	66.85058019828858	357.1999274502951	0.9680555555555556	0	nan
unit	322	0	0.07353800740971879	8.566532747463366	6.008726952339894	0.0716896412879161	nan	nan	nan	0	503.8
unit	323	1	0.08567542351293418	8.472590372355025	5.4775984742165456	0.0064281277956363	74.21124062054153	81.15409545636409	0.08333333333333333	1	nan
unit	324	0	0.07353800740971879	8.566532747463366	9.800247626447026	0.010275369584223119	nan	nan	nan	0	320.15
unit	325	1	0.06901479245493092	9.20419497808617	3.48423910864244	0.0010936158303181444	65.0335360212718	128.39618087471183	0.8111111111111111	1	nan
unit	326	0	0.0918794841646453	7.659592484860813	8.876572901500706	0.001436559706823072	nan	nan	nan	0	69.05
unit	327	1	0.07509129666073337	8.448810807808941	13.055637894910445	0.01577110910976877	8.036194727183076	9.23888656548874	0.15138888888888888	1	nan
unit	328	0	0.08972075944477054	8.532005144513137	7.637465080487536	0.0022936809906477784	nan	nan	nan	0	251.0
unit	329	1	0.0981777050517521	6.852359935060013	4.638640718596677	0.008861374685842565	65.00047460435508	70.92426411866127	0.10972222222222222	1	nan
unit	330	0	0.07172854276038826	8.946408935785406	1.9158285653076892	0.004137716776809143	nan	nan	nan	0	361.95
unit	331	1	0.06945089529985875	9.022742269823246	1.0476758126076064	0.002953704847930687	63.10732780988363	135.55892335300672	0.9263888888888889	1	nan
unit	332	0	0.0675836924517922	9.494772358585028	9.26258464067089	0.0013434430604158203	nan	nan	nan	0	679.9
unit	333	1	0.07034099306314577	8.930675626709197	22.525072489845805	0.003970632930715717	74.7881951591149	77.56800495729279	0.11944444444444445	1	nan
unit	334	0	0.07368534337228515	8.428932672355476	8.660386928552354	0.0031021740932064435	nan	nan	nan	0	489.25
unit	335	1	0.47051878617467896	1.8354805616078302	0.19367134229122787	0.0015024306131075922	97.14690138466757	648.8671941592236	0.06805555555555555	0	nan
unit	336	0	0.08567542351293418	8.472590372355025	0.32492414966756417	0.022320835224839523	nan	nan	nan	0	403.25
unit	337	1	0.08687594411065401	8.141955282701556	4.822126044223443	0.0041900529742778065	9.277271190901285	21.340400058700933	0.18194444444444444	1	nan
unit	338	0	0.0918794841646453	7.659592484860813	0.5434899387337611	0.0029270162485869372	nan	nan	nan	0	511.25
unit	339	1	0.0713143835022201	9.023670076799482	0.7972496689229601	0.034674911457102046	60.35138178012121	68.21743656179827	0.25277777777777777	1	nan
unit	340	0	0.07987593590847152	8.014140759840798	0.512675625840815	0.0018077227428658152	nan	nan	nan	0	351.55
unit	341	1	0.07044084803853763	8.652551455057065	7.429381499796249	0.01451792374818307	49.796272711681326	52.07596497206368	0.37777777777777777	1	nan
unit	342	0	0.08628542398493783	8.361438060979085	0.22623667954455035	0.04820292719586951	nan	nan	nan	0	240.45
unit	343	1	0.241511327416282	4.075903805078148	32.48063687746663	0.003269657308269817	29.682992872359197	32.02801644104581	0.0	1	nan
unit	344	0	0.17150235877700495	4.7662767211909225	19.366349612338855	0.003713616797753357	nan	nan	nan	0	572.95
unit	345	1	0.07368534337228515	8.428932672355476	0.6827901604456567	0.0038629255077953094	89.45059115952087	170.21649935069468	0.04722222222222222	1	nan
unit	346	0	0.06901479245493092	9.20419497808617	17.20727364333014	0.0029787092314252	nan	nan	nan	0	536.25
unit	347	1	0.2791776079740415	3.163557797834569	0.916059816927917	0.0005038501080436945	42.08228303093288	521.0024972862421	0.12361111111111112	0	nan
unit	348	0	0.08628542398493783	8.361438060979085	0.3351249063554975	0.005994284766397666	nan	nan	nan	0	314.2
unit	349	1	0.08972075944477054	8.532005144513137	1.8335787171449844	0.01759270580642159	91.14651940936274	98.4118777602025	0.02361111111111111	1	nan
unit	350	0	0.0675836924517922	9.494772358585028	23.05498638716903	0.018607829461923322	nan	nan	nan	0	637.0
unit	351	1	0.06540208768606372	9.515689123814024	8.443854390731792	0.008344340005547703	28.679205311701974	32.17588670674859	0.36944444444444446	1	nan
unit	352	0	0.07987593590847152	8.014140759840798	185.0159780891828	0.01286933900103569	nan	nan	nan	0	395.45
unit	353	1	0.07441020346924392	7.329060131644633	1.1429167309422223	0.000996233865749734	60.66936864146105	259.2335734830864	0.7444444444444445	0	nan
unit	354	0	0.07441020346924392	7.329060131644633	42.76803097162598	0.0033582440129118277	nan	nan	nan	0	473.4
unit	355	1	0.08567542351293418	8.472590372355025	3.3923443079677353	0.01374481431736605	15.126437983419226	20.29975605721182	1.6527777777777777	1	nan
unit	356	0	0.07441020346924392	7.329060131644633	3.6628927935210656	0.04059539699900446	nan	nan	nan	0	483.45
unit	357	1	0.08567542351293418	8.472590372355025	8.670954449991827	0.013744280771857362	57.23533122180603	59.303396566370566	0.12916666666666668	1	nan
unit	358	0	0.07353800740971879	8.566532747463366	20.513544201707752	0.00021864981538918324	nan	nan	nan	0	372.55
unit	359	1	0.06983644824742441	8.933652988792224	1.9233389974604136	0.0005248417471009796	13.84702489379504	246.6828412794197	0.006944444444444444	0	nan
unit	360	0	0.43684887945814554	2.2241310401199943	2.0025005755090874	0.006930975811174895	nan	nan	nan	0	232.25
unit	361	1	0.43684887945814554	2.2241310401199943	1.7793417314067486	0.0007811904306381617	32.36429755644073	200.65615441749603	0.03611111111111111	0	nan
unit	362	0	0.5998237311057958	1.6316276612167815	1.5810898437587373	0.0047813753090355975	nan	nan	nan	0	441.25
unit	363	1	0.0918794841646453	7.659592484860813	1.044303859226691	0.00899029412485885	63.097167465234484	86.96985585326291	0.09444444444444444	1	nan
unit	364	0	0.06901479245493092	9.20419497808617	22.796117876233975	0.00044510481782908244	nan	nan	nan	0	432.4
unit	365	1	0.17150235877700495	4.7662767211909225	103.5416973398885	0.0022818836812440297	67.84239887247568	68.8992345200277	0.15138888888888888	1	nan
unit	366	0	0.08329095362678211	7.845857503657191	1.4937810274897718	0.0006344282266607993	nan	nan	nan	0	107.35
unit	367	1	0.07172854276038826	8.946408935785406	22.42625753379936	0.10328411905303561	86.45115675868914	86.5584914575757	0.07361111111111111	1	nan
unit	368	0	0.06570933727675661	8.085177409598394	2.580215361659533	0.001016298449936449	nan	nan	nan	0	108.9
unit	369	1	0.07044084803853763	8.652551455057065	9.79886865010174	0.00262093652274679	60.58838728427661	70.20064636622622	0.425	1	nan
unit	370	0	0.06293562568174967	9.307313720240804	3.393140029587521	0.0038535442995050865	nan	nan	nan	0	536.8
unit	371	1	0.08567542351293418	8.472590372355025	1.6460857149736043	0.0034421458019405675	15.003867038258662	56.08040581853157	0.2263888888888889	1	nan
unit	372	0	0.08628542398493783	8.361438060979085	13.195545381821189	0.00047932937534957024	nan	nan	nan	0	136.05
unit	373	1	0.0675836924517922	9.494772358585028	8.364630100170576	0.0007942281513087574	75.794412613136	112.87420986509414	0.08333333333333333	1	nan
unit	374	0	0.06570933727675661	8.085177409598394	1.3217274180852205	0.0002717262845232352	nan	nan	nan	0	151.45
unit	375	1	0.07987593590847152	8.014140759840798	0.16863723075184917	0.005475137763239798	8.730001968534301	174.79977817117634	0.12638888888888888	1	nan
unit	376	0	0.07199640505015065	8.991666639725787	3.5650321952861432	0.03484246731841872	nan	nan	nan	0	194.45
unit	377	1	0.0918794841646453	7.659592484860813	1.3805680935325593	0.0012171155369255725	84.54767716269382	221.29180395179813	0.022222222222222223	0	nan
unit	378	0	0.08972075944477054	8.532005144513137	2.574827758742137	0.010015264140171601	nan	nan	nan	0	591.15
unit	379	1	0.2791776079740415	3.163557797834569	2.0615049290527745	0.010497284300651336	69.54963980623852	80.45365358779972	0.9347222222222222	1	nan
unit	380	0	1.3204525009121781	1.849384465237552	0.27714734268780217	0.046477297304319216	nan	nan	nan	0	204.65
unit	381	1	0.07199640505015065	8.991666639725787	2.2711144586861756	0.0030717111915144544	17.93764123096615	51.93510413733955	0.13472222222222222	1	nan
unit	382	0	0.07353800740971879	8.566532747463366	1.3372245608818698	0.010256357716865854	nan	nan	nan	0	135.35
unit	383	1	0.07441020346924392	7.329060131644633	0.4256513098323404	0.001955308951547868	49.301063467865994	285.60982642043103	0.09861111111111111	0	nan
unit	384	0	0.06983644824742441	8.933652988792224	7.016120974956629	0.027933197934842554	nan	nan	nan	0	119.4
unit	385	1	0.0713143835022201	9.023670076799482	1.8116345016173916	0.00040414057726472554	97.4509558304909	417.31400719763747	0.02361111111111111	0	nan
unit	386	0	0.07003120857964042	9.03106919272778	27.048256069827467	0.002412758700784215	nan	nan	nan	0	689.35
unit	387	1	0.06861560537297894	9.219327591281345	3.4251630058246763	0.014661832694017034	85.09415323342706	89.89903847216873	0.4083333333333333	1	nan
unit	388	0	0.47051878617467896	1.8354805616078302	0.19267760569737405	0.0008356061211548398	nan	nan	nan	0	399.45
unit	389	1	0.06945089529985875	9.022742269823246	5.349395682991942	0.03455055705791236	58.6795839385421	60.001562047672074	0.09722222222222222	1	nan
unit	390	0	0.06540208768606372	9.515689123814024	2.192267920682259	0.002615570856139286	nan	nan	nan	0	310.45
unit	391	1	0.06861560537297894	9.219327591281345	1.0239039208232024	0.009371075773692339	51.64778423921834	74.96030985754902	0.08055555555555556	1	nan
unit	392	0	0.06570933727675661	8.085177409598394	0.9449541656502198	0.0024684651722886477	nan	nan	nan	0	293.65
unit	393	1	0.0675836924517922	9.494772358585028	1.5502680310625363	0.00010139929785836377	47.13024220460965	1521.5755674926063	0.15138888888888888	0	nan
unit	394	0	0.08972075944477054	8.532005144513137	1.3756368998275574	0.007062314381787128	nan	nan	nan	0	72.7
unit	395	1	0.0675836924517922	9.494772358585028	84.61065033351748	0.0003949411480506022	88.13236060965694	95.60272476035537	0.05555555555555555	1	nan
unit	396	0	0.07044084803853763	8.652551455057065	0.3942171575194322	0.059456133945582745	nan	nan	nan	0	128.9
unit	397	1	0.07353800740971879	8.566532747463366	6.483141417327873	0.0175351845514228	8.454678375469717	10.612433449393189	0.001388888888888889	1	nan
unit	398	0	0.07889793219269021	8.499716642980067	6.769715534307421	0.013891051373851165	nan	nan	nan	0	21.85
unit	399	1	0.07044084803853763	8.652551455057065	0.5289390131478647	0.0030188176757023123	85.27703064480409	213.49266258647248	0.14583333333333334	0	nan
unit	400	0	0.07987593590847152	8.014140759840798	28.596041899497852	0.007523021004675052	nan	nan	nan	0	196.9
unit	401	1	0.07003120857964042	9.03106919272778	20.36324783232194	0.004461620271410304	43.926977388447774	46.66191846331153	0.8305555555555556	1	nan
unit	402	0	0.0713143835022201	9.023670076799482	0.12613780017949186	0.00039685315355711333	nan	nan	nan	0	602.05
unit	403	1	0.0675836924517922	9.494772358585028	1.023125017814303	0.02831737742410584	71.64656417817062	79.36665888053147	0.011111111111111112	1	nan
unit	404	0	0.08972075944477054	8.532005144513137	0.9546513509595258	0.007186132267951875	nan	nan	nan	0	327.4
unit	405	1	0.5998237311057958	1.6316276612167815	0.2536274062302852	0.0007050958901729718	13.193126167971963	986.068511525428	0.05416666666666667	0	nan
unit	406	0	0.07509129666073337	8.448810807808941	1.3861341262735025	0.03404731788709825	nan	nan	nan	0	111.6
unit	407	1	0.06617259937531154	8.92814831892865	0.40682881107472607	0.03373213881597181	33.69482676810151	47.89585150196551	0.48055555555555557	1	nan
unit	408	0	0.08628542398493783	8.361438060979085	1.0941341801977569	0.0005768428775156344	nan	nan	nan	0	380.9
unit	409	1	0.07353800740971879	8.566532747463366	0.48180355850525214	0.010956902608263406	90.72796087900106	128.8752050576145	0.20833333333333334	1	nan
unit	410	0	0.07889793219269021	8.499716642980067	1.5926439595488273	0.050167539460231676	nan	nan	nan	0	67.15
unit	411	1	0.08628542398493783	8.361438060979085	1.6477659273601686	0.0035846531892373187	92.20212924929281	131.60816719822412	0.09583333333333334	1	nan
unit	412	0	0.1104994487895336	5.867510368605203	18.23716852403348	0.0006369315925710485	nan	nan	nan	0	503.0
unit	413	1	0.06945089529985875	9.022742269823246	2.9407656564377676	0.00048247447157236334	2.062222759244052	171.17154499601926	0.04583333333333333	1	nan
unit	414	0	0.07003120857964042	9.03106919272778	5.163505074621133	0.034834438595772836	nan	nan	nan	0	146.45
unit	415	1	0.06617259937531154	8.92814831892865	11.571981990292215	0.024622019045283727	39.63199819308576	40.50007680843005	0.2708333333333333	1	nan
unit	416	0	0.07441020346924392	7.329060131644633	1.713947353112147	0.009420989956444976	nan	nan	nan	0	313.45
unit	417	1	0.0981777050517521	6.852359935060013	5.075512281443854	0.007654014384731877	79.66463172416282	85.94649188923772	0.13055555555555556	1	nan
unit	418	0	0.07651666925824759	8.73794474760024	14.436432862913206	0.002892020514516437	nan	nan	nan	0	297.0
unit	419	1	0.07889793219269021	8.499716642980067	21.243363603379127	0.017650597375935533	61.56586150046586	62.22871001765943	0.02638888888888889	1	nan
unit	420	0	0.1104994487895336	5.867510368605203	78.65104820500612	0.01751823034508367	nan	nan	nan	0	261.6
unit	421	1	0.06540208768606372	9.515689123814024	22.993583582143962	0.00036534515545706665	6.295918746165239	35.895097777593065	0.6361111111111111	1	nan
unit	422	0	0.241511327416282	4.075903805078148	3.0929017379291226	0.006616101711839843	nan	nan	nan	0	530.3
unit	423	1	0.06570933727675661	8.085177409598394	3.690859151015109	0.004083572427074685	81.15163252225342	97.20118132727129	0.004166666666666667	1	nan
unit	424	0	0.06540208768606372	9.515689123814024	0.8184080722585206	0.001550709128296669	nan	nan	nan	0	332.55
unit	425	1	0.06540208768606372	9.515689123814024	1.2479502366904578	0.0028524698494168128	82.78621835544985	146.79925955982327	0.1763888888888889	1	nan
unit	426	0	0.08628542398493783	8.361438060979085	2.44992123675036	0.0021501663065657847	nan	nan	nan	0	115.75
unit	427	1	0.08235991544572548	8.816557300274935	27.535874239206038	0.035373522178893106	39.56639011384095	39.82189473405012	0.45555555555555555	1	nan
unit	428	0	0.0981777050517521	6.852359935060013	2.6526600834993057	0.016917766806400177	nan	nan	nan	0	514.15
unit	429	1	0.08972075944477054	8.532005144513137	141.85242719379653	0.009806979557794452	64.82134418473922	65.00089424238453	0.011111111111111112	1	nan
unit	430	0	0.07353800740971879	8.566532747463366	0.7781499592338618	0.020389314935207816	nan	nan	nan	0	500.5
unit	431	1	0.08628542398493783	8.361438060979085	4.232747352935959	0.0021461865530393565	81.9272601425168	108.66530495960976	0.10416666666666667	1	nan
unit	432	0	0.2791776079740415	3.163557797834569	1.872489365945433	0.0016653760350174751	nan	nan	nan	0	646.9
unit	433	1	0.5998237311057958	1.6316276612167815	0.6505709062951059	0.002982597681595966	48.92070586751265	157.94600612110014	0.07916666666666666	1	nan
unit	434	0	0.07172854276038826	8.946408935785406	2.161175474075773	0.010325368484167681	nan	nan	nan	0	89.0
unit	435	1	0.06901479245493092	9.20419497808617	3.670696557897049	0.0019100091429123073	16.340456323108405	50.836568424504954	0.2625	1	nan
unit	436	0	0.07003120857964042	9.03106919272778	0.5869902221848844	0.011108047825318507	nan	nan	nan	0	411.8
unit	437	1	0.0675836924517922	9.494772358585028	1.8013382040969315	0.0023030384025842497	77.94225315606886	134.37315205813016	0.16944444444444445	1	nan
unit	438	0	0.06861560537297894	9.219327591281345	28.662475667871774	0.004278107854223651	nan	nan	nan	0	309.8
unit	439	1	0.07509129666073337	8.448810807808941	126.16435843053213	0.03088567664031802	65.39112129381769	65.45521513107045	0.016666666666666666	1	nan
unit	440	0	0.2791776079740415	3.163557797834569	0.15562208258759053	0.001505547773369872	nan	nan	nan	0	350.05
unit	441	1	0.07353800740971879	8.566532747463366	5.8038485645818145	0.002333956008074881	85.70132355498421	103.77062430894472	1.0527777777777778	1	nan
unit	442	0	0.43684887945814554	2.2241310401199943	2.895282373724486	0.028766277673473548	nan	nan	nan	0	378.6
unit	443	1	0.07889793219269021	8.499716642980067	35.439567340411436	0.014885512830363695	76.6529919782655	77.12522947267246	0.06527777777777778	1	nan
unit	444	0	0.07044084803853763	8.652551455057065	18.804077089166192	0.008139083149207322	nan	nan	nan	0	11.2
unit	445	1	0.07003120857964042	9.03106919272778	2.5986627976921497	0.005662153647281662	49.98936287927705	66.21158007062922	0.4638888888888889	1	nan
unit	446	0	0.07651666925824759	8.73794474760024	23.026666522273842	0.0005923613728169193	nan	nan	nan	0	608.3
unit	447	1	0.0918794841646453	7.659592484860813	0.07831013864608981	0.003014434239880034	16.652804126174395	492.12565010519427	0.030555555555555555	0	nan
unit	448	0	0.06293562568174967	9.307313720240804	3.685241159678403	0.0007534817043211911	nan	nan	nan	0	27.35
unit	449	1	0.06570933727675661	8.085177409598394	1.3854431110464747	0.008233438275532067	73.72025420858493	93.86903698505931	0.4027777777777778	1	nan
unit	450	0	1.3204525009121781	1.849384465237552	18.586644655292073	0.023194349774154476	nan	nan	nan	0	375.5
unit	451	1	0.0675836924517922	9.494772358585028	23.02688215620407	0.0013480492768697062	71.00706420123215	79.01742647397097	0.004166666666666667	1	nan
unit	452	0	0.06901479245493092	9.20419497808617	0.24673318386143328	0.0021817872500031745	nan	nan	nan	0	410.9
unit	453	1	0.07353800740971879	8.566532747463366	37.37593828401949	0.0023230576822988445	58.67312930057927	61.54284906916658	0.22777777777777777	1	nan
unit	454	0	0.06570933727675661	8.085177409598394	1.7022583559726774	0.07102815868870622	nan	nan	nan	0	516.1
unit	455	1	0.0713143835022201	9.023670076799482	9.469731370370257	0.0017144055671509282	55.60892887624216	70.80804009126669	0.027777777777777776	1	nan
unit	456	0	0.08628542398493783	8.361438060979085	0.22272412195168328	0.0006977970830950401	nan	nan	nan	0	639.15
unit	457	1	0.08687594411065401	8.141955282701556	0.5604702937196814	0.014765870288245391	57.938173111578415	82.91729320465222	0.14166666666666666	1	nan
unit	458	0	0.07114186903476657	8.67536969930431	0.5161058472275283	0.07144174729398674	nan	nan	nan	0	605.75
unit	459	1	0.07889793219269021	8.499716642980067	16.222053816221777	0.0012411286401221935	18.135315771967566	30.457627281632373	0.05694444444444444	1	nan
unit	460	0	0.06983644824742441	8.933652988792224	3.9511854951843177	0.14133293224548044	nan	nan	nan	0	542.25
unit	461	1	0.241511327416282	4.075903805078148	1.1923122871675262	0.013751527396899318	45.86609762455571	59.70841891844822	0.0875	1	nan
unit	462	0	0.06617259937531154	8.92814831892865	0.6445300760071614	0.006541868313391068	nan	nan	nan	0	404.4
unit	463	1	0.07353800740971879	8.566532747463366	0.6296418651064096	0.054843367105596875	83.4951195623755	89.5918215183629	1.175	1	nan
unit	464	0	0.08329095362678211	7.845857503657191	8.735338352125437	0.022718967859766338	nan	nan	nan	0	142.85
unit	465	1	0.5998237311057958	1.6316276612167815	30.35975766125475	0.00887014726664772	62.98845683470069	63.91300356164915	0.19583333333333333	1	nan
unit	466	0	0.241511327416282	4.075903805078148	6.47239680544036	0.0038945984711897725	nan	nan	nan	0	266.75
unit	467	1	0.06293562568174967	9.307313720240804	2.8228636649955727	0.016505287947711774	94.26760481006791	99.40887003699048	0.11388888888888889	1	nan
unit	468	0	0.08628542398493783	8.361438060979085	0.6453631368826918	0.001984121369480772	nan	nan	nan	0	41.95
unit	469	1	0.07368534337228515	8.428932672355476	8.685142890130724	0.0020690806168947116	34.08315955046672	47.79856935855961	0.5361111111111111	1	nan
unit	470	0	0.06293562568174967	9.307313720240804	8.174814388198277	0.0394503760208902	nan	nan	nan	0	75.25
unit	471	1	0.241511327416282	4.075903805078148	59.40277323629363	0.008522558618566106	99.91769529959222	100.41047296177268	0.8819444444444444	1	nan
unit	472	0	0.08687594411065401	8.141955282701556	3.9507935554121514	0.014225469475365215	nan	nan	nan	0	354.15
unit	473	1	0.0981777050517521	6.852359935060013	15.075718214702661	0.003345182275813232	68.90398678585146	73.82059840311327	0.03611111111111111	1	nan
unit	474	0	0.0918794841646453	7.659592484860813	7.218240656609671	0.012544799267838334	nan	nan	nan	0	210.6
unit	475	1	0.07889793219269021	8.499716642980067	16.859558034590066	0.01553691104230896	64.39689899678201	65.34428926757795	0.06944444444444445	1	nan
unit	476	0	0.07044084803853763	8.652551455057065	8.41772185145088	0.012294393268498861	nan	nan	nan	0	634.5
unit	477	1	0.06570933727675661	8.085177409598394	2.8948718309625563	0.0048457607512658145	60.248040732707466	77.34180635788317	0.175	1	nan
unit	478	0	0.06861560537297894	9.219327591281345	37.07792089086103	0.001050954337078605	nan	nan	nan	0	75.35
unit	479	1	0.5998237311057958	1.6316276612167815	1.341205373151741	0.018983247256050082	27.580402600637274	36.58429330540947	0.05555555555555555	1	nan
unit	480	0	0.07114186903476657	8.67536969930431	6.733429592218662	0.003510926517306096	nan	nan	nan	0	385.05
unit	481	1	0.07034099306314577	8.930675626709197	0.7980821583124597	0.015799815030099106	29.912999432605243	47.16039816457582	0.5944444444444444	1	nan
unit	482	0	0.07172854276038826	8.946408935785406	1.5085366643854772	0.015236567089282275	nan	nan	nan	0	58.0
unit	483	1	0.07172854276038826	8.946408935785406	10.124884675744608	0.0013603559488750293	56.953202075366214	74.8836030167176	1.9972222222222222	1	nan
unit	484	0	0.06570933727675661	8.085177409598394	22.221109403984148	0.019107550036665016	nan	nan	nan	0	410.8
unit	485	1	0.47051878617467896	1.8354805616078302	10.497219994413985	0.011283723678212598	60.40860181439149	62.49449623710676	0.3541666666666667	1	nan
unit	486	0	0.08235991544572548	8.816557300274935	7.818312735803002	0.13140738969042678	nan	nan	nan	0	81.85
unit	487	1	0.07651666925824759	8.73794474760024	208.5720379325245	5.845084580539685e-05	8.29349327685706	28.78778791337605	0.28055555555555556	1	nan
unit	488	0	0.07987593590847152	8.014140759840798	8.955010192324574	0.01172283711940644	nan	nan	nan	0	449.8
unit	489	1	0.1104994487895336	5.867510368605203	2.6383601784553097	0.002438288618265678	8.166449416862157	45.29550315731517	0.016666666666666666	1	nan
unit	490	0	0.0713143835022201	9.023670076799482	23.145825909464406	0.00039148242190821677	nan	nan	nan	0	518.35
unit	491	1	0.08567542351293418	8.472590372355025	0.4798232837267112	0.0003291245796520101	17.87981069444468	1292.1223816432666	0.22777777777777777	0	nan
unit	492	0	0.43684887945814554	2.2241310401199943	2.768723334477108	0.007732101283632764	nan	nan	nan	0	89.7
unit	493	1	0.07651666925824759	8.73794474760024	2.747470771137636	0.002705398867816887	16.801208619816585	48.99168852921405	0.020833333333333332	1	nan
unit	494	0	0.07509129666073337	8.448810807808941	1.83295773531517	0.0067408499604844465	nan	nan	nan	0	486.55
unit	495	1	0.06901479245493092	9.20419497808617	10.227898033923525	0.026986781449047054	49.551736973907694	50.44658252886459	0.015277777777777777	1	nan
unit	496	0	0.08628542398493783	8.361438060979085	7.310016524044787	0.002209241957843792	nan	nan	nan	0	636.0
unit	497	1	0.07353800740971879	8.566532747463366	7.164837228506363	0.0009674922131637102	4.881451296270993	40.331535331688755	0.07222222222222222	1	nan
unit	498	0	0.08567542351293418	8.472590372355025	8.161746393019847	0.007490025666639414	nan	nan	nan	0	355.9
unit	499	1	0.07199640505015065	8.991666639725787	8.331990982537972	0.0016852250132261505	24.024047495633354	41.566805564082344	0.03611111111111111	1	nan
unit	500	0	0.43684887945814554	2.2241310401199943	1.3666916878408506	0.0042352710687772336	nan	nan	nan	0	347.35
unit	501	1	0.07509129666073337	8.448810807808941	2.945411485615702	0.001414481078785016	27.078410783904843	84.67362392367707	0.05555555555555555	1	nan
unit	502	0	0.07889793219269021	8.499716642980067	19.623345655671105	0.03010435195651878	nan	nan	nan	0	20.4
unit	503	1	0.06570933727675661	8.085177409598394	1.5796469426758009	0.0012490074395787607	56.63289857874789	174.26362520096998	0.004166666666666667	1	nan
unit	504	0	0.07987593590847152	8.014140759840798	0.9220842606253022	0.008372318499909754	nan	nan	nan	0	63.05
unit	505	1	0.08235991544572548	8.816557300274935	7.553979158041754	0.03022130210386713	58.27539883320291	59.35276097812643	0.001388888888888889	1	nan
unit	506	0	0.241511327416282	4.075903805078148	813.2683424306286	0.0005179148739440194	nan	nan	nan	0	180.85
unit	507	1	0.17150235877700495	4.7662767211909225	4.245187588368253	0.01006555732239053	4.025343991850108	9.710214553754875	0.08055555555555556	1	nan
unit	508	0	0.07368534337228515	8.428932672355476	5.086090483130084	0.0005522465522482061	nan	nan	nan	0	493.35
unit	509	1	0.06945089529985875	9.022742269823246	1.8922276037707582	0.015800415810715274	36.41482948034766	44.26851283227375	1.9513888888888888	1	nan
unit	510	0	0.0713143835022201	9.023670076799482	2.506437234076701	0.017719173827418184	nan	nan	nan	0	460.95
unit	511	1	0.08628542398493783	8.361438060979085	0.5888344744163838	0.031071312539662853	6.3042519041951195	17.69315867847355	0.26944444444444443	1	nan
unit	512	0	0.0675836924517922	9.494772358585028	1.2075637294834913	0.03627783785087497	nan	nan	nan	0	586.0
unit	513	1	0.07987593590847152	8.014140759840798	0.5190920217115139	0.028129217821262178	25.82051994264585	39.79636014257875	0.49583333333333335	1	nan
unit	514	0	0.08972075944477054	8.532005144513137	23.108198184632627	0.03411563072958753	nan	nan	nan	0	419.15
unit	515	1	0.08329095362678211	7.845857503657191	14.485816735690527	0.002452967038051515	11.690432009329307	18.666077465126676	0.059722222222222225	1	nan
unit	516	0	0.241511327416282	4.075903805078148	11.409705696603522	0.002401819762838668	nan	nan	nan	0	116.2
unit	517	1	0.07441020346924392	7.329060131644633	0.0984914971048864	0.000853859708039233	52.13395547383808	1532.0534303133043	0.30833333333333335	0	nan
unit	518	0	0.43684887945814554	2.2241310401199943	7.157415256743692	0.003260143068018924	nan	nan	nan	0	399.15
unit	519	1	0.06945089529985875	9.022742269823246	0.5081526995746621	0.008524796241068356	29.30737480649577	76.24137915586344	0.23472222222222222	1	nan
unit	520	0	0.06540208768606372	9.515689123814024	52.71398410511181	0.0006026064878726505	nan	nan	nan	0	146.25
unit	521	1	1.3204525009121781	1.849384465237552	2.2396730910222695	0.40464798417892767	98.68032915133374	98.94184410640662	0.1625	1	nan
unit	522	0	0.06861560537297894	9.219327591281345	41.60645223943467	0.0012452675901407668	nan	nan	nan	0	598.75
unit	523	1	0.06293562568174967	9.307313720240804	1.0820718515749856	0.0015730168489557486	60.16772525606741	192.30739619739614	0.3958333333333333	1	nan
unit	524	0	0.08972075944477054	8.532005144513137	0.4510746208034397	0.0024282711609410063	nan	nan	nan	0	491.0
unit	525	1	0.241511327416282	4.075903805078148	3.1190382278293383	0.027154098166120088	75.43770518503236	78.27715199105866	0.06666666666666667	1	nan
unit	526	0	0.08329095362678211	7.845857503657191	21.01288493520072	0.0011340947853298862	nan	nan	nan	0	240.0
unit	527	1	0.06540208768606372	9.515689123814024	1.4787677488210014	0.0028574234873977133	84.95136789763389	139.61590490553874	0.11527777777777778	1	nan
unit	528	0	0.2791776079740415	3.163557797834569	8.44216341278512	0.01665300546530207	nan	nan	nan	0	40.9
unit	529	1	0.07651666925824759	8.73794474760024	1.9078906001468467	0.05641396846839184	15.70479796749315	17.887465486565162	0.04027777777777778	1	nan
unit	530	0	0.08567542351293418	8.472590372355025	1.5067590448441506	0.002555621133145968	nan	nan	nan	0	357.95
unit	531	1	0.07509129666073337	8.448810807808941	128.36760897013747	0.023826602775068283	99.15286938632015	99.23452759973075	0.027777777777777776	1	nan
unit	532	0	0.2791776079740415	3.163557797834569	1.793754051390758	0.008959208475708143	nan	nan	nan	0	77.7
unit	533	1	0.2791776079740415	3.163557797834569	4.164896237140573	0.02027636662930811	70.99488063432766	73.86980247027812	0.07916666666666666	1	nan
unit	534	0	0.06901479245493092	9.20419497808617	29.490247401211718	0.003831161819830901	nan	nan	nan	0	295.45
unit	535	1	0.07509129666073337	8.448810807808941	0.5095008717717212	0.06825656261784607	5.275523697993354	11.124483722518132	0.009722222222222222	1	nan
unit	536	0	0.0981777050517521	6.852359935060013	19.611445857445982	0.009411698561519462	nan	nan	nan	0	548.95
unit	537	1	0.06570933727675661	8.085177409598394	4.210065073670249	0.00047801253067272445	86.05565187452659	206.73293171432712	0.0125	0	nan
unit	538	0	0.06617259937531154	8.92814831892865	18.17485297511956	0.06442460824591247	nan	nan	nan	0	388.0
unit	539	1	0.06945089529985875	9.022742269823246	40.2102829225594	0.06622053099893385	49.70012101444052	49.79371838162285	0.2777777777777778	1	nan
unit	540	0	1.3204525009121781	1.849384465237552	2.6316264511358956	0.026836946753992393	nan	nan	nan	0	246.8
unit	541	1	0.1104994487895336	5.867510368605203	80.6140833024833	0.015015666127196904	85.94885968470409	86.15507073690861	0.15416666666666667	1	nan
unit	542	0	0.07509129666073337	8.448810807808941	3.6633285109434692	0.0011551116599033326	nan	nan	nan	0	73.95
unit	543	1	0.06901479245493092	9.20419497808617	0.49650592851920683	0.016093799893689965	11.566351106865943	36.905807130839754	0.30694444444444446	1	nan
unit	544	0	0.06617259937531154	8.92814831892865	2.769698561445884	0.008544638642832685	nan	nan	nan	0	221.5
unit	545	1	0.08329095362678211	7.845857503657191	106.58653984744753	0.0016655717845420488	14.50718186677211	15.913765194439689	0.5430555555555555	1	nan
unit	546	0	0.43684887945814554	2.2241310401199943	4.8370098476496395	0.017376922500627976	nan	nan	nan	0	151.05
unit	547	1	0.06901479245493092	9.20419497808617	1.5434984248255974	0.0358420835380102	10.373701310090077	14.561978900699476	0.1375	1	nan
unit	548	0	0.06540208768606372	9.515689123814024	47.83779297417184	0.018981354185944217	nan	nan	nan	0	161.6
unit	549	1	0.08628542398493783	8.361438060979085	4.453993501091668	0.006101928808980369	87.68030028628554	96.63004732815725	0.001388888888888889	1	nan
unit	550	0	0.06901479245493092	9.20419497808617	5.508648173639485	0.010237012558997987	nan	nan	nan	0	200.1
unit	551	1	0.06945089529985875	9.022742269823246	17.16742925860469	0.008186612435354618	63.071694999644926	64.83768131806632	0.08055555555555556	1	nan
unit	552	0	0.08329095362678211	7.845857503657191	1.5257667759758125	0.046539843380780224	nan	nan	nan	0	346.25
unit	553	1	0.0713143835022201	9.023670076799482	0.49243729498548044	5.197317076965876e-05	61.73327321393383	7961.4106866320235	0.16805555555555557	0	nan
unit	554	0	0.06901479245493092	9.20419497808617	2.595021908375012	0.008750020810835408	nan	nan	nan	0	313.3
unit	555	1	0.08628542398493783	8.361438060979085	10.828408185024152	0.0077122598107623635	16.445974942743476	19.405540326821523	0.06805555555555555	1	nan
unit	556	0	0.07889793219269021	8.499716642980067	2.307429561314165	0.00688897008055942	nan	nan	nan	0	409.25
unit	557	1	0.0713143835022201	9.023670076799482	60.00746995367766	0.001458459076654616	53.51620230086345	56.36680927714375	0.49722222222222223	1	nan
unit	558	0	0.07889793219269021	8.499716642980067	1.4528800287420562	0.006063508108443313	nan	nan	nan	0	417.0
unit	559	1	0.08567542351293418	8.472590372355025	7.070007202471148	0.03384944539950447	56.409855158476375	57.43645434973962	0.2972222222222222	1	nan
unit	560	0	0.5998237311057958	1.6316276612167815	0.5120615975807342	0.01796955098011225	nan	nan	nan	0	59.5
unit	561	1	0.07353800740971879	8.566532747463366	9.032071834520309	0.01483521301147688	33.15552515462589	34.99594360620123	0.04861111111111111	1	nan
unit	562	0	0.1104994487895336	5.867510368605203	30.085454105721272	0.002477407308601569	nan	nan	nan	0	54.25
unit	563	1	0.06293562568174967	9.307313720240804	18.92620332767191	0.0016596201359903525	25.522883848338502	33.42994565192821	0.058333333333333334	1	nan
unit	564	0	0.0981777050517521	6.852359935060013	1.6230025613614638	0.003916168695457447	nan	nan	nan	0	86.4
unit	565	1	0.08329095362678211	7.845857503657191	32.0935172066988	0.0055760739642060474	47.91616438049891	49.30774417071269	0.45	1	nan
unit	566	0	0.06271659177689277	8.94459617454187	5.917873847613745	0.001698834195067451	nan	nan	nan	0	400.15
unit	567	1	0.0918794841646453	7.659592484860813	2.859443074777054	0.012626390526320605	59.930506910365274	66.56872688110202	0.1527777777777778	1	nan
unit	568	0	0.07987593590847152	8.014140759840798	2.1537909305812963	0.010804070297428948	nan	nan	nan	0	309.7
unit	569	1	0.0675836924517922	9.494772358585028	18.76680488065189	0.0032644846777302922	42.27131061804309	46.32507274234517	0.28888888888888886	1	nan
unit	570	0	1.3204525009121781	1.849384465237552	15.304546972269298	0.002526347913237947	nan	nan	nan	0	133.65
unit	571	1	0.07353800740971879	8.566532747463366	16.41609001653626	0.00023114598724515342	34.77787582987718	100.16583647325825	0.4236111111111111	1	nan
unit	572	0	0.06617259937531154	8.92814831892865	3.53803376776578	0.01886648744457695	nan	nan	nan	0	193.5
unit	573	1	0.08972075944477054	8.532005144513137	15.69501030915968	0.0049136460384955035	38.82972502404176	42.04589072782279	0.027777777777777776	1	nan
unit	574	0	0.07034099306314577	8.930675626709197	1.567832357990191	0.016983912939621103	nan	nan	nan	0	97.95
unit	575	1	0.08972075944477054	8.532005144513137	1.2746537573114465	0.00411884416803995	49.57562858620488	93.0569436714168	0.2972222222222222	1	nan
unit	576	0	0.06861560537297894	9.219327591281345	33.29877895309868	0.004819466917266003	nan	nan	nan	0	172.6
unit	577	1	0.0918794841646453	7.659592484860813	0.2160895560267749	0.009878589981888565	73.92214492274523	151.73536162613158	0.25555555555555554	1	nan
unit	578	0	0.07889793219269021	8.499716642980067	1.2088802782950319	0.00196112436746564	nan	nan	nan	0	345.95
unit	579	1	0.07199640505015065	8.991666639725787	1.135972565464968	0.004049970543367417	28.11897005196168	77.23363261963634	0.043055555555555555	1	nan
unit	580	0	0.08567542351293418	8.472590372355025	8.504297490982182	0.007251328980664527	nan	nan	nan	0	449.35
unit	581	1	0.2791776079740415	3.163557797834569	1.1534324146570063	0.002386366806092453	3.359973560890992	85.56810473665494	0.006944444444444444	1	nan
unit	582	0	0.0918794841646453	7.659592484860813	1.4840862917446604	0.004270925584800152	nan	nan	nan	0	519.05
unit	583	1	0.47051878617467896	1.8354805616078302	0.4841144724319427	0.0023480210690096067	18.76549719668385	196.08229682018052	0.13055555555555556	1	nan
unit	584	0	0.241511327416282	4.075903805078148	0.2275240523683541	0.0038694585637237566	nan	nan	nan	0	299.5
unit	585	1	0.07651666925824759	8.73794474760024	2.576377330471566	0.0020862368459664445	11.174761708462686	55.56642310456968	0.011111111111111112	1	nan
unit	586	0	0.0675836924517922	9.494772358585028	16.603623019166037	0.0011185634119100457	nan	nan	nan	0	603.65
unit	587	1	0.1104994487895336	5.867510368605203	121.8379852218579	0.010610866215070012	75.81768796897407	76.01086757501876	0.5972222222222222	1	nan
unit	588	0	0.06617259937531154	8.92814831892865	1.28850269479644	0.027640580587223275	nan	nan	nan	0	266.9
unit	589	1	0.08687594411065401	8.141955282701556	0.42497825178318355	0.013373792137524895	79.86675160982456	114.45996725691717	0.19444444444444445	1	nan
unit	590	0	0.0981777050517521	6.852359935060013	25.154940921287743	0.01642525495569813	nan	nan	nan	0	572.35
unit	591	1	0.06945089529985875	9.022742269823246	1.0248982634905124	0.004202666846366903	84.52193557050025	136.4587265492096	0.1388888888888889	1	nan
unit	592	0	0.07509129666073337	8.448810807808941	5.952417486629402	0.0005877585398318176	nan	nan	nan	0	636.25
unit	593	1	0.06271659177689277	8.94459617454187	1.3821790570455292	0.010163694100816537	39.96202699623011	56.31972967201978	0.025	1	nan
unit	594	0	0.06617259937531154	8.92814831892865	10.375927237483953	0.0008818573617483062	nan	nan	nan	0	465.2
unit	595	1	0.1104994487895336	5.867510368605203	6.122050471835464	0.002178836084240399	59.550792261427794	77.92033752328337	0.2513888888888889	1	nan
unit	596	0	0.07987593590847152	8.014140759840798	0.8279406614538232	0.003961911778004664	nan	nan	nan	0	474.35
unit	597	1	0.07034099306314577	8.930675626709197	72.46674746373455	0.0034359238614618047	24.160476769667067	25.16280429150918	0.28888888888888886	1	nan
unit	598	0	0.47051878617467896	1.8354805616078302	6.862599219146297	0.0032741650390765336	nan	nan	nan	0	541.15
unit	599	1	0.17150235877700495	4.7662767211909225	15.483895529371624	0.01314983292990755	88.58566549565101	89.8036924076253	1.0402777777777779	1	nan
unit	600	0	0.06293562568174967	9.307313720240804	33.20517320579139	0.005805948984982846	nan	nan	nan	0	28.7
unit	601	1	0.0918794841646453	7.659592484860813	6.521315476162727	0.0026116979272533787	42.13646956796584	56.5406093215692	0.2222222222222222	1	nan
unit	602	0	0.07199640505015065	8.991666639725787	1.3290020032095424	0.0027511683951962143	nan	nan	nan	0	632.25
unit	603	1	0.07441020346924392	7.329060131644633	0.3172114407997	0.0004597336567416535	41.30117862506593	1305.4322248284234	0.2222222222222222	0	nan
unit	604	0	0.08687594411065401	8.141955282701556	19.087281631744013	0.005657524708433652	nan	nan	nan	0	44.95
unit	605	1	1.3204525009121781	1.849384465237552	1.704187766371375	0.0015547335109096247	53.98138339245753	142.0260724061946	0.525	1	nan
unit	606	0	0.241511327416282	4.075903805078148	6.119525797614806	0.026879883707269382	nan	nan	nan	0	433.85
unit	607	1	0.0981777050517521	6.852359935060013	10.556002247318373	0.012097104346355619	46.61232100721726	48.54725611112608	0.08472222222222223	1	nan
unit	608	0	0.07651666925824759	8.73794474760024	2.425929055848006	0.003321534343347333	nan	nan	nan	0	557.7
unit	609	1	0.07509129666073337	8.448810807808941	7.819856294013442	0.002189339129166978	91.25084212087897	105.62481306354272	0.3138888888888889	1	nan
unit	610	0	0.47051878617467896	1.8354805616078302	3.7850423004383704	0.0036796198766292395	nan	nan	nan	0	612.15
unit	611	1	0.43684887945814554	2.2241310401199943	1.054893177482799	0.03792640784059618	55.407961792969544	61.01570808289993	0.04027777777777778	1	nan
unit	612	0	0.08972075944477054	8.532005144513137	0.9091359998244893	0.0012067460066663826	nan	nan	nan	0	224.9
unit	613	1	0.07114186903476657	8.67536969930431	0.06365594986452562	0.009991628508290202	95.23933716217299	254.853346462317	0.03611111111111111	0	nan
unit	614	0	0.07353800740971879	8.566532747463366	5.4407748517461325	0.006308180798993325	nan	nan	nan	0	317.1
unit	615	1	0.07353800740971879	8.566532747463366	0.8008472984898869	0.004541975352148964	42.72546935715195	102.5412449427248	0.14722222222222223	1	nan
unit	616	0	0.07987593590847152	8.014140759840798	3.8598543778950423	0.0012050518754795833	nan	nan	nan	0	244.05
unit	617	1	0.06570933727675661	8.085177409598394	7.132467484297421	0.0023473881522079287	10.405336059639614	25.081513443256807	0.08055555555555556	1	nan
unit	618	0	0.07003120857964042	9.03106919272778	10.362951508053618	0.0011919955408561307	nan	nan	nan	0	48.3
unit	619	1	0.241511327416282	4.075903805078148	9.544209233832817	0.02088393063993618	82.81735757994164	84.0554726329782	0.005555555555555556	1	nan
unit	620	0	0.06570933727675661	8.085177409598394	11.800228957251232	0.011556904444620859	nan	nan	nan	0	191.0
unit	621	1	0.17150235877700495	4.7662767211909225	0.7527639392383425	0.0012912864700664194	22.107219609061197	244.1832091501496	0.24444444444444444	0	nan
unit	622	0	0.1104994487895336	5.867510368605203	5.046148113552121	0.000390104928936145	nan	nan	nan	0	49.75
unit	623	1	0.5998237311057958	1.6316276612167815	0.4836510853234744	0.0014193798037445042	6.255865402338389	299.8135201246637	0.09305555555555556	0	nan
unit	624	0	0.08235991544572548	8.816557300274935	8.65114484080314	0.007183853569082479	nan	nan	nan	0	344.55
unit	625	1	0.06617259937531154	8.92814831892865	1.4523017368621423	0.028351514954423628	49.7210364999791	55.32326254774196	2.352777777777778	1	nan
unit	626	0	0.07172854276038826	8.946408935785406	27.95174139601948	0.009378784856114554	nan	nan	nan	0	214.9
unit	627	1	0.07034099306314577	8.930675626709197	1.2758734486915742	0.004542498338255924	66.35546727563506	105.747005621293	0.05	1	nan
unit	628	0	0.06901479245493092	9.20419497808617	9.399522820735951	0.007203421490552518	nan	nan	nan	0	188.7
unit	629	1	0.1104994487895336	5.867510368605203	0.6099962547253835	0.006539951520806447	32.65862480820978	85.17816043791379	0.011111111111111112	1	nan
unit	630	0	0.08329095362678211	7.845857503657191	22.104548831609623	0.006489633548117771	nan	nan	nan	0	505.75
unit	631	1	0.06617259937531154	8.92814831892865	11.97384702364477	0.008185926948784686	13.566052741532381	16.09036811069391	0.025	1	nan
unit	632	0	0.06570933727675661	8.085177409598394	25.27459375155203	0.0032176637089471865	nan	nan	nan	0	99.7
unit	633	1	0.06983644824742441	8.933652988792224	0.79977248067638	0.00561356921640143	53.39179869865532	101.84607726047304	0.0	1	nan
unit	634	0	0.06861560537297894	9.219327591281345	3.370986804508243	0.0005927160394418212	nan	nan	nan	0	249.55
unit	635	1	0.0918794841646453	7.659592484860813	62.40749635057604	0.017582114489697237	10.343588053372274	10.570974050758231	0.013888888888888888	1	nan
unit	636	0	0.17150235877700495	4.7662767211909225	0.5197296145586482	0.005788570239238598	nan	nan	nan	0	180.7
unit	637	1	0.08329095362678211	7.845857503657191	1.7313715572015311	0.014608055822825278	90.50743973616851	99.74038696440584	0.041666666666666664	1	nan
unit	638	0	0.07651666925824759	8.73794474760024	0.17708239536371143	0.009789540465271918	nan	nan	nan	0	243.45
unit	639	1	0.0981777050517521	6.852359935060013	0.3657172652315508	0.11521166807199533	58.10181032448977	62.62329105963359	0.21388888888888888	1	nan
unit	640	0	0.07034099306314577	8.930675626709197	2.7251694233722676	0.0013349029801631304	nan	nan	nan	0	260.65
unit	641	1	0.07441020346924392	7.329060131644633	1.7231562811603585	0.0019372135270724431	37.82053614309104	107.75437438797277	0.08333333333333333	1	nan
unit	642	0	0.07651666925824759	8.73794474760024	3.007577886182107	0.002233042572830545	nan	nan	nan	0	454.15
unit	643	1	0.06293562568174967	9.307313720240804	52.33855698997882	0.01788158187177224	64.68843150249508	64.95491919903803	0.029166666666666667	1	nan
unit	644	0	0.1104994487895336	5.867510368605203	0.372408250201399	0.015027987572108794	nan	nan	nan	0	288.85
unit	645	1	0.07114186903476657	8.67536969930431	0.15534281660808638	0.007083476903081542	34.87764217302412	170.27707782094998	0.14166666666666666	1	nan
unit	646	0	0.06293562568174967	9.307313720240804	125.52761078581409	0.0066733409957443115	nan	nan	nan	0	323.7
unit	647	1	0.47051878617467896	1.8354805616078302	13.559593893935546	0.002092389923499616	45.50505952360799	54.23633225540908	0.5027777777777778	1	nan
unit	648	0	0.07987593590847152	8.014140759840798	8.33602551157171	0.11669826326152657	nan	nan	nan	0	639.7
unit	649	1	0.08329095362678211	7.845857503657191	28.155370512451807	0.010830750455309133	8.228706333685455	9.044911223468578	0.24027777777777778	1	nan
unit	650	0	0.07441020346924392	7.329060131644633	197.54901159851906	0.017742105487295094	nan	nan	nan	0	68.6
unit	651	1	0.5998237311057958	1.6316276612167815	1.779266295539921	0.06690266164485527	26.20779919021684	28.172940903699853	0.03888888888888889	1	nan
unit	652	0	0.06293562568174967	9.307313720240804	123.59359183749436	0.008802021564961416	nan	nan	nan	0	514.45
unit	653	1	0.0675836924517922	9.494772358585028	7.665942988599479	0.05211675311710717	16.46570121498465	17.08145898449368	0.02361111111111111	1	nan
unit	654	0	0.07199640505015065	8.991666639725787	3.353611341614851	0.002631948977311917	nan	nan	nan	0	20.6
unit	655	1	0.06983644824742441	8.933652988792224	6.783992039676165	0.001271556026978341	55.93148940877202	84.39164098596797	0.09583333333333334	1	nan
unit	656	0	0.08972075944477054	8.532005144513137	0.12618411403702015	0.0023665671609978526	nan	nan	nan	0	128.75
unit	657	1	0.0675836924517922	9.494772358585028	9.691495599404714	0.007962182380519338	47.18899233345966	50.38770246507008	0.016666666666666666	1	nan
unit	658	0	0.08567542351293418	8.472590372355025	90.75247110244278	0.0011964771873857914	nan	nan	nan	0	409.5
unit	659	1	0.17150235877700495	4.7662767211909225	0.6090947743067858	0.0007515925061302232	97.392216155439	554.9611323301169	0.12638888888888888	0	nan
unit	660	0	0.07034099306314577	8.930675626709197	19.83374323550013	0.00195397204814704	nan	nan	nan	0	99.9
unit	661	1	0.07003120857964042	9.03106919272778	1.4117281298246949	0.031556963557173454	68.47270446790566	73.63934620491429	0.25	1	nan
unit	662	0	0.06861560537297894	9.219327591281345	18.074194970011845	0.04412654589208434	nan	nan	nan	0	280.05
unit	663	1	0.241511327416282	4.075903805078148	0.6668298687329804	0.00012152714663680542	28.946798472807462	2648.8304175689086	1.8472222222222223	0	nan
unit	664	0	0.06271659177689277	8.94459617454187	4.024612162826395	0.0044230738646786625	nan	nan	nan	0	110.9
unit	665	1	0.07509129666073337	8.448810807808941	3.4049169226884746	0.045897254483558594	11.094658523200913	12.638385338438626	0.009722222222222222	1	nan
unit	666	0	0.241511327416282	4.075903805078148	7.763381901702083	0.01308913959070577	nan	nan	nan	0	226.0
unit	667	1	0.07889793219269021	8.499716642980067	4.991395571347567	0.0022227974190669464	76.9987139640415	98.98553497846412	0.25833333333333336	1	nan
unit	668	0	0.07509129666073337	8.448810807808941	3.8907862353856264	0.008634953469601307	nan	nan	nan	0	196.3
unit	669	1	0.07199640505015065	8.991666639725787	59.585865341239845	0.012389053950844171	26.181578269047876	26.519525687927057	1.0416666666666667	1	nan
unit	670	0	0.241511327416282	4.075903805078148	28.031545529916535	0.0030006342980337564	nan	nan	nan	0	508.1
unit	671	1	0.07353800740971879	8.566532747463366	27.608006394811696	0.0013485564019838235	14.262256248022316	20.94687869185886	0.09444444444444444	1	nan
unit	672	0	0.07044084803853763	8.652551455057065	1.5874189412436777	0.0019052356920087666	nan	nan	nan	0	399.45
unit	673	1	0.0918794841646453	7.659592484860813	38.928386111054806	0.017820797464482	92.69147350121948	93.05068949262287	0.15694444444444444	1	nan
unit	674	0	0.0713143835022201	9.023670076799482	4.031380495970049	0.0032131940978116693	nan	nan	nan	0	201.3
unit	675	1	0.08329095362678211	7.845857503657191	5.6741262540659765	0.006082132100541124	11.827619587850082	18.916683142091948	0.03888888888888889	1	nan
unit	676	0	0.43684887945814554	2.2241310401199943	67.74750318380087	0.14293710083271027	nan	nan	nan	0	665.5
unit	677	1	0.06945089529985875	9.022742269823246	15.008636172848766	0.01540032001251919	13.76590105367668	14.838597522582834	0.001388888888888889	1	nan
unit	678	0	0.07199640505015065	8.991666639725787	19.57732027489286	0.0028573424979222934	nan	nan	nan	0	343.4
unit	679	1	0.0981777050517521	6.852359935060013	1.0520804350481636	0.021433179528823003	26.657778846882806	36.60468145637921	0.1125	1	nan
unit	680	0	0.5998237311057958	1.6316276612167815	8.88774723507036	0.007077387901446043	nan	nan	nan	0	10.55
unit	681	1	0.06271659177689277	8.94459617454187	16.807848564077513	0.00014953595468398617	93.91628562810153	192.6515391827012	0.0	1	nan
unit	682	0	0.07114186903476657	8.67536969930431	7.823196084396212	0.0055788074964274155	nan	nan	nan	0	490.3
unit	683	1	0.06570933727675661	8.085177409598394	64.75808052356493	0.017068143165358575	16.601176823037907	16.826924249389922	0.08611111111111111	1	nan
unit	684	0	0.06570933727675661	8.085177409598394	11.812751125142247	0.0013015749054001364	nan	nan	nan	0	437.8
unit	685	1	0.07003120857964042	9.03106919272778	13.89345879680181	0.0013501382844229514	73.6585857245678	86.86767871303233	0.33055555555555555	1	nan
unit	686	0	0.07044084803853763	8.652551455057065	14.263358503383673	0.013829754293458528	nan	nan	nan	0	438.75
unit	687	1	0.06570933727675661	8.085177409598394	78.75484548505318	0.0010755733972465699	53.69391314402044	56.640601920688	0.12222222222222222	1	nan
unit	688	0	0.07114186903476657	8.67536969930431	1.018448466962444	0.0032408262238419693	nan	nan	nan	0	408.65
unit	689	1	0.08687594411065401	8.141955282701556	0.6658512173952819	0.011802421101883	85.43810742541496	112.44847030148553	0.36944444444444446	1	nan
unit	690	0	0.0918794841646453	7.659592484860813	0.13239724393814126	0.0034391888205140583	nan	nan	nan	0	496.6
unit	691	1	0.07509129666073337	8.448810807808941	3.5008308839780042	0.001297533324981308	90.59660022581443	143.75673679301565	2.0944444444444446	1	nan
unit	692	0	1.3204525009121781	1.849384465237552	0.8198628196559791	0.0011125385654423585	nan	nan	nan	0	75.3
unit	693	1	0.07172854276038826	8.946408935785406	1.1888285448007005	0.0028324355896987567	50.13895279385536	117.52296198859688	0.21944444444444444	1	nan
unit	694	0	0.0713143835022201	9.023670076799482	14.024585327507866	0.3807263735488921	nan	nan	nan	0	257.85
unit	695	1	0.07034099306314577	8.930675626709197	4.213257108618648	0.0032349489328497155	59.83699544890573	77.65575720626182	0.09722222222222222	1	nan
unit	696	0	0.07034099306314577	8.930675626709197	2.6996726335576966	0.033956951420706406	nan	nan	nan	0	334.5
unit	697	1	0.08972075944477054	8.532005144513137	1.7940320706700315	0.01126081617192221	23.538706874034457	35.1238993035894	0.0125	1	nan
unit	698	0	0.06983644824742441	8.933652988792224	3.7384984957737912	0.0398944561255097	nan	nan	nan	0	568.5
unit	699	1	0.06945089529985875	9.022742269823246	19.841307928783298	0.022051964439243985	33.350711651866156	33.91851851107299	0.2013888888888889	1	nan
unit	700	0	1.3204525009121781	1.849384465237552	14.75110992254225	0.0006485401238262742	nan	nan	nan	0	489.05
unit	701	1	0.07172854276038826	8.946408935785406	5.32363646310145	0.01516051631666718	89.7175081553789	92.74452190114762	0.29583333333333334	1	nan
unit	702	0	0.07114186903476657	8.67536969930431	860.0293413683721	0.0034575660077239504	nan	nan	nan	0	618.4
unit	703	1	0.08687594411065401	8.141955282701556	1.6649638162500158	0.0055253918304667285	81.93719218440447	107.25581946434194	0.09861111111111111	1	nan
unit	704	0	0.08235991544572548	8.816557300274935	0.9101496648084009	0.0036784931647672434	nan	nan	nan	0	69.95
unit	705	1	0.07199640505015065	8.991666639725787	6.403362559287264	0.004173042841804442	65.39843075096553	74.5761756378071	0.013888888888888888	1	nan
unit	706	0	0.08628542398493783	8.361438060979085	14.912572900886468	0.002592558116182041	nan	nan	nan	0	392.7
unit	707	1	0.0675836924517922	9.494772358585028	0.36491182075385287	0.0010780868532360387	57.4428051861875	541.4697995347503	0.12777777777777777	0	nan
unit	708	0	0.47051878617467896	1.8354805616078302	28.374472676460762	0.005547904916611867	nan	nan	nan	0	0.6
unit	709	1	0.07368534337228515	8.428932672355476	2.0363344453183627	0.0017615165748644914	17.271554434006298	83.00951386706907	0.058333333333333334	1	nan
unit	710	0	0.47051878617467896	1.8354805616078302	0.8213975630220968	0.006920855135792964	nan	nan	nan	0	182.3
unit	711	1	0.06861560537297894	9.219327591281345	2.8299664983001205	0.00897785529964641	26.59242769256158	36.02161132239724	0.004166666666666667	1	nan
unit	712	0	0.08687594411065401	8.141955282701556	104.61389174745216	0.012833720173958948	nan	nan	nan	0	125.25
unit	713	1	0.0675836924517922	9.494772358585028	8.472314317849884	0.0054633312723877435	41.57791669428639	46.900840801405174	0.23472222222222222	1	nan
unit	714	0	0.07441020346924392	7.329060131644633	4.632917718420533	0.020025203699097615	nan	nan	nan	0	365.55
unit	715	1	0.07651666925824759	8.73794474760024	2.1295957042316846	0.022322997603984367	3.9484387833459147	8.92081980339634	0.3013888888888889	1	nan
unit	716	0	0.43684887945814554	2.2241310401199943	4.168380887534007	0.0011404263584810133	nan	nan	nan	0	404.65
unit	717	1	0.06271659177689277	8.94459617454187	0.28687145611658776	0.001967775987281904	48.34694276227499	366.84074921591014	0.05138888888888889	0	nan
unit	718	0	0.07034099306314577	8.930675626709197	1.433342585809576	0.0003921686215521479	nan	nan	nan	0	83.95
unit	719	1	0.07114186903476657	8.67536969930431	27.219927737118503	0.007412485366378249	32.67239259137614	33.90578821951985	0.21944444444444444	1	nan
unit	720	0	0.06983644824742441	8.933652988792224	4.839463659830206	0.047520426764147305	nan	nan	nan	0	474.5
unit	721	1	0.0713143835022201	9.023670076799482	18.469262565219907	0.023084653994767647	12.330516493845312	12.91294714510855	0.15555555555555556	1	nan
unit	722	0	0.08567542351293418	8.472590372355025	2.779283074389985	0.012774980936711342	nan	nan	nan	0	593.95
unit	723	1	0.06271659177689277	8.94459617454187	6.392010164520466	0.0003764828239642978	18.453621609425472	120.35961092642222	0.4777777777777778	1	nan
unit	724	0	0.07114186903476657	8.67536969930431	3.672241491534616	0.0019962501968535393	nan	nan	nan	0	265.75
unit	725	1	0.07509129666073337	8.448810807808941	0.3127702644982754	9.160209548435103e-05	28.80899845646102	6441.3538643372485	0.3263888888888889	0	nan
unit	726	0	0.0675836924517922	9.494772358585028	6.1658420890057775	0.016830367377499447	nan	nan	nan	0	262.85
unit	727	1	0.06617259937531154	8.92814831892865	5.601130320941232	0.01317297142190697	90.31132553230131	93.6261766799511	0.0875	1	nan
unit	728	0	0.07987593590847152	8.014140759840798	1.343628762840456	0.0011906347534915713	nan	nan	nan	0	276.1
unit	729	1	0.07441020346924392	7.329060131644633	19.923447553440297	0.002845472718769366	98.74932796357719	103.13171228784321	0.12777777777777777	1	nan
unit	730	0	0.07353800740971879	8.566532747463366	7.147259932054228	0.0026456431990872194	nan	nan	nan	0	658.55
unit	731	1	0.07368534337228515	8.428932672355476	1.7669604411229711	0.021112304609616068	75.00721102532631	81.27515964592935	0.6291666666666667	1	nan
unit	732	0	0.06540208768606372	9.515689123814024	2.9144473380723124	0.011054571796125732	nan	nan	nan	0	607.0
unit	733	1	0.17150235877700495	4.7662767211909225	5.059848959358243	0.00014199063352720844	81.82004902521456	421.46750436313334	0.011111111111111112	0	nan
unit	734	0	0.06540208768606372	9.515689123814024	4.162619383629248	0.003011806467751402	nan	nan	nan	0	290.9
unit	735	1	0.241511327416282	4.075903805078148	0.6203366674892646	0.0010279064323828464	22.31732774709027	351.7420278077657	0.06527777777777778	0	nan
unit	736	0	0.08687594411065401	8.141955282701556	3.592891674054148	0.023808725905573428	nan	nan	nan	0	235.6
unit	737	1	0.08972075944477054	8.532005144513137	1.6459136631333835	0.0023605898753951433	75.07426983932932	134.97676268657068	0.4861111111111111	1	nan
unit	738	0	0.08329095362678211	7.845857503657191	8.229021285854987	0.011506310784365497	nan	nan	nan	0	246.3
unit	739	1	0.0981777050517521	6.852359935060013	0.3336881907940991	0.0015132551748127752	44.95158567409926	414.45960602323123	0.03194444444444444	0	nan
unit	740	0	0.07114186903476657	8.67536969930431	1.9568043936893627	0.03404261766839063	nan	nan	nan	0	478.75
unit	741	1	0.07199640505015065	8.991666639725787	32.002195181079166	0.028002425196377786	60.29278657288135	60.57067710005737	0.13194444444444445	1	nan
unit	742	0	0.08972075944477054	8.532005144513137	39.85359673243002	0.0004910387672567328	nan	nan	nan	0	292.55
unit	743	1	0.07441020346924392	7.329060131644633	19.13487909633847	0.013676473528490555	34.01578679284943	34.96490088319653	0.0875	1	nan
unit	744	0	0.06617259937531154	8.92814831892865	11.22349861947239	0.00644697037365731	nan	nan	nan	0	102.05
unit	745	1	0.06293562568174967	9.307313720240804	0.8901656310401573	0.0012704019043960387	82.12219355823714	276.9591759815895	0.07777777777777778	0	nan
unit	746	0	0.08687594411065401	8.141955282701556	12.847628396526636	0.010230746835942845	nan	nan	nan	0	613.35
unit	747	1	0.0981777050517521	6.852359935060013	12.464698468549896	0.0034875180669951475	49.62902389961642	55.32308975181181	0.07083333333333333	1	nan
unit	748	0	0.06293562568174967	9.307313720240804	23.89086430215992	0.09791560489365281	nan	nan	nan	0	94.95
unit	749	1	0.08972075944477054	8.532005144513137	0.9253996793472316	0.00766953110159225	6.354502595669697	37.53473881046591	0.2125	1	nan
unit	750	0	0.06983644824742441	8.933652988792224	30.360071598488304	0.00034474288116375035	nan	nan	nan	0	357.05
unit	751	1	0.07172854276038826	8.946408935785406	0.01813785881394471	0.0005825986717172585	94.5367058654821	4717.787627243027	0.2986111111111111	0	nan
unit	752	0	0.06617259937531154	8.92814831892865	6.486745355447407	0.012319641433887899	nan	nan	nan	0	516.55
unit	753	1	0.43684887945814554	2.2241310401199943	0.625677938528366	0.003880362649144993	59.21426452741815	145.84601525071824	0.09305555555555556	1	nan
unit	754	0	0.08972075944477054	8.532005144513137	9.57762119534378	0.0015172874851757077	nan	nan	nan	0	82.9
unit	755	1	0.07368534337228515	8.428932672355476	26.377960491410384	0.0036894003901641985	83.10935001681462	85.66612819195213	0.1486111111111111	1	nan
unit	756	0	0.0918794841646453	7.659592484860813	9.000374048332	0.002201920645159922	nan	nan	nan	0	332.05
unit	757	1	0.07044084803853763	8.652551455057065	13.40844366916981	0.0027219831466475664	31.676388174486227	38.46308748044005	0.006944444444444444	1	nan
unit	758	0	0.47051878617467896	1.8354805616078302	0.8470175212712795	0.0010927019288831307	nan	nan	nan	0	28.85
unit	759	1	0.2791776079740415	3.163557797834569	4.527314999284007	0.00990172905895024	23.035482918002927	28.463789868353057	0.0	1	nan
unit	760	0	0.08329095362678211	7.845857503657191	0.026900142763490273	0.0010732341678452997	nan	nan	nan	0	80.7
unit	761	1	0.0713143835022201	9.023670076799482	0.4670505306496628	0.0021591737163503986	94.84156185528555	293.39383927638545	0.8166666666666667	0	nan
unit	762	0	0.07034099306314577	8.930675626709197	1.9662877780381498	0.005377135845353024	nan	nan	nan	0	214.05
unit	763	1	0.08628542398493783	8.361438060979085	0.1883930638783706	0.005834299987661723	91.55373279168752	236.31580713087357	0.043055555555555555	0	nan
unit	764	0	0.08329095362678211	7.845857503657191	2.967458341179504	0.0018371649945477823	nan	nan	nan	0	164.0
unit	765	1	0.07114186903476657	8.67536969930431	119.5686343970555	0.0017477729555781148	10.179824790927274	11.374869345933746	0.001388888888888889	1	nan
unit	766	0	0.07987593590847152	8.014140759840798	0.7811007099496299	0.006566793221527555	nan	nan	nan	0	233.85
unit	767	1	0.0918794841646453	7.659592484860813	39.86853536613138	0.0038750359297270616	73.7372864857613	75.35044071986813	0.36666666666666664	1	nan
unit	768	0	0.06861560537297894	9.219327591281345	0.9799476513525758	0.000568184737249375	nan	nan	nan	0	525.95
unit	769	1	0.07003120857964042	9.03106919272778	1.090341265953401	0.00414367304295827	40.01106803053906	89.83003787033968	0.2638888888888889	1	nan
unit	770	0	0.07987593590847152	8.014140759840798	7.439531523350502	0.003947848730327948	nan	nan	nan	0	569.35
unit	771	1	0.07441020346924392	7.329060131644633	165.57879708999454	0.014998202469129945	46.88343815777223	46.984031310235174	0.5388888888888889	1	nan
unit	772	0	0.06617259937531154	8.92814831892865	9.881409927270346	0.0017587782962822176	nan	nan	nan	0	285.9
unit	773	1	0.07003120857964042	9.03106919272778	12.880194258290535	0.0036552206576637362	39.058744954291896	44.317984347278625	0.1638888888888889	1	nan
unit	774	0	0.07651666925824759	8.73794474760024	23.62553968158216	0.05747179531281754	nan	nan	nan	0	224.15
unit	775	1	0.07114186903476657	8.67536969930431	115.98774826826048	0.0003172756421370328	40.64943885470922	47.43559018627694	0.008333333333333333	1	nan
unit	776	0	0.07889793219269021	8.499716642980067	4.822160071040402	0.002585107556990429	nan	nan	nan	0	635.4
unit	777	1	0.07003120857964042	9.03106919272778	28.463657721096112	0.03184714683056853	21.268448689488952	21.543034746629402	0.5069444444444444	1	nan
unit	778	0	0.08628542398493783	8.361438060979085	11.40040609964546	0.003484558238611563	nan	nan	nan	0	461.0
unit	779	1	0.07172854276038826	8.946408935785406	3.793532899675987	0.0033675448668024095	35.79079704215272	54.74259845166465	0.49027777777777776	1	nan
unit	780	0	0.241511327416282	4.075903805078148	4.57696798274702	0.007819674725879192	nan	nan	nan	0	144.25
unit	781	1	0.06293562568174967	9.307313720240804	1.9611721435528644	0.005066649443925116	2.210081515920346	25.890509979697	0.1	1	nan
unit	782	0	1.3204525009121781	1.849384465237552	2.519706788917691	0.2004256561114528	nan	nan	nan	0	547.35
unit	783	1	0.08687594411065401	8.141955282701556	2.2846301980441184	0.004145941182868042	65.99864855274402	91.04569360704838	0.06527777777777778	1	nan
unit	784	0	0.06861560537297894	9.219327591281345	3.925455700979976	0.04506384386683022	nan	nan	nan	0	64.45
unit	785	1	0.08628542398493783	8.361438060979085	1.3960105135197196	0.011288746401655137	70.3773366277579	84.9702726546007	0.09861111111111111	1	nan
unit	786	0	0.08687594411065401	8.141955282701556	12.115301276893463	0.05634825330456206	nan	nan	nan	0	267.6
unit	787	1	0.07987593590847152	8.014140759840798	1.1541168910163107	0.0030478170047342143	25.971770737537877	90.30407892567263	0.058333333333333334	1	nan
unit	788	0	1.3204525009121781	1.849384465237552	9.969489867741524	0.0017374200473416804	nan	nan	nan	0	423.05
unit	789	1	0.08329095362678211	7.845857503657191	13.501118151159679	0.10661471022580253	95.91208133652493	96.08417421963118	1.0013888888888889	1	nan
unit	790	0	0.0981777050517521	6.852359935060013	7.345055980248159	0.0006323358211669524	nan	nan	nan	0	450.85
unit	791	1	0.07172854276038826	8.946408935785406	3.9501679901975297	0.07223353069277393	4.388842852259745	5.238398652652483	0.12222222222222222	1	nan
unit	792	0	0.07172854276038826	8.946408935785406	25.97011707787949	0.02755112222252823	nan	nan	nan	0	466.75
unit	793	1	0.07003120857964042	9.03106919272778	87.91348843062939	0.0034288887747316622	75.2803739301882	76.1085340732048	0.44305555555555554	1	nan
unit	794	0	0.06617259937531154	8.92814831892865	24.92619224406624	0.024709256127845098	nan	nan	nan	0	350.0
unit	795	1	0.08972075944477054	8.532005144513137	17.997641823538153	0.0356537588301248	50.67567895129062	51.06259795992707	0.39861111111111114	1	nan
unit	796	0	0.08628542398493783	8.361438060979085	4.684118042650741	0.013131658685060148	nan	nan	nan	0	619.05
unit	797	1	0.2791776079740415	3.163557797834569	1.166094400137599	0.052824439962390245	36.608972139587095	40.28610747000381	0.4930555555555556	1	nan
unit	798	0	0.07114186903476657	8.67536969930431	4.518979424476827	0.003423752743673522	nan	nan	nan	0	641.25
unit	799	1	0.17150235877700495	4.7662767211909225	0.4029615277613699	0.06111088509826183	14.305505550370029	22.203887611900406	0.7180555555555556	1	nan
unit	800	0	0.06945089529985875	9.022742269823246	25.438041849503893	0.0012865739832071633	nan	nan	nan	0	342.2
unit	801	1	0.06945089529985875	9.022742269823246	48.84474252539211	0.004378846599236056	11.328532993245538	12.49441177957094	1.336111111111111	1	nan
unit	802	0	0.08567542351293418	8.472590372355025	7.917774485536617	0.01781007032559519	nan	nan	nan	0	224.1
unit	803	1	0.07368534337228515	8.428932672355476	2.428765878156352	0.09304871453472856	2.068513061569291	3.1214339584998165	0.6944444444444444	1	nan
unit	804	0	0.0713143835022201	9.023670076799482	2.6886445625624376	0.001327590188415726	nan	nan	nan	0	362.35
unit	805	1	0.07172854276038826	8.946408935785406	270.0367190828769	0.03941332573467451	64.02093665137907	64.04441530268544	0.058333333333333334	1	nan
unit	806	0	0.07353800740971879	8.566532747463366	1.1512578688707402	0.00031357048596021775	nan	nan	nan	0	696.2
unit	807	1	0.08329095362678211	7.845857503657191	27.181307366227518	0.009496656158955702	55.56178483354232	56.52585657657215	0.004166666666666667	1	nan
unit	808	0	0.0918794841646453	7.659592484860813	35.69047028302192	0.0038580031628361305	nan	nan	nan	0	233.35
unit	809	1	0.0981777050517521	6.852359935060013	7.643324558232961	0.006189181649333976	25.090196100315726	30.290358469372723	0.2875	1	nan
unit	810	0	0.06271659177689277	8.94459617454187	1.8737953581337234	0.005036986852633295	nan	nan	nan	0	390.1
unit	811	1	0.0713143835022201	9.023670076799482	11.022782260402025	0.011001022632898977	83.72389153219959	85.76251338606761	0.28055555555555556	1	nan
unit	812	0	0.07889793219269021	8.499716642980067	7.730132060179304	0.0013072535745220929	nan	nan	nan	0	242.8
unit	813	1	1.3204525009121781	1.849384465237552	5.625085663693539	0.005861821956598945	54.401866241180194	61.8201167824801	0.0	1	nan
unit	814	0	0.06271659177689277	8.94459617454187	2.0987806662388975	0.0532254470976336	nan	nan	nan	0	366.85
unit	815	1	0.1104994487895336	5.867510368605203	19.232019567699606	0.004727027132130166	64.96904503015274	67.7012889074604	0.6291666666666667	1	nan
unit	816	0	0.17150235877700495	4.7662767211909225	0.13293294319866694	0.007191863224307048	nan	nan	nan	0	481.4
unit	817	1	0.08972075944477054	8.532005144513137	1.0047649548483162	0.0063212450123744214	60.31529328284773	95.46574691182688	0.027777777777777776	1	nan
unit	818	0	0.07509129666073337	8.448810807808941	34.184930061844334	0.04776256686344972	nan	nan	nan	0	398.05
unit	819	1	0.07368534337228515	8.428932672355476	0.568155627574351	0.0007748661750357331	92.56376519880477	563.1704462142065	0.49444444444444446	0	nan
unit	820	0	0.06293562568174967	9.307313720240804	556.6265581519623	0.012670291100695005	nan	nan	nan	0	68.05
unit	821	1	0.47051878617467896	1.8354805616078302	4.648486804430293	0.021505298166329456	25.749463582413846	28.185356047545454	0.4583333333333333	1	nan
unit	822	0	0.47051878617467896	1.8354805616078302	43.238432156282045	0.0651119305376658	nan	nan	nan	0	565.15
unit	823	1	0.07353800740971879	8.566532747463366	3.0359125372437092	0.004546382170265594	96.4566025237432	113.86216785968078	0.030555555555555555	1	nan
unit	824	0	0.07368534337228515	8.428932672355476	4.631687198482869	0.001588092298439961	nan	nan	nan	0	557.75
unit	825	1	0.06983644824742441	8.933652988792224	0.8790027328717874	0.0023595734859642252	91.47966682545025	197.55899832280878	0.39166666666666666	1	nan
unit	826	0	0.06617259937531154	8.92814831892865	42.226592020874484	0.09235378204535184	nan	nan	nan	0	47.9
unit	827	1	0.0675836924517922	9.494772358585028	1.024643288419514	0.022512507641762203	28.83857741544948	38.53637867462295	0.2875	1	nan
unit	828	0	0.08235991544572548	8.816557300274935	115.09389779945089	0.027915630427075778	nan	nan	nan	0	226.95
unit	829	1	0.06570933727675661	8.085177409598394	2.7595737437848964	0.0007274408518939556	32.04334418963628	151.25884879341442	6.823611111111111	1	nan
unit	830	0	0.07509129666073337	8.448810807808941	15.267165985954236	0.016462062481474152	nan	nan	nan	0	605.35
unit	831	1	0.08972075944477054	8.532005144513137	4.380773546316979	0.0016888147609495367	16.9297054513466	49.79216646363763	0.08194444444444444	1	nan
unit	832	0	0.07353800740971879	8.566532747463366	105.2539058286823	0.003915305475798656	nan	nan	nan	0	40.5
unit	833	1	0.06540208768606372	9.515689123814024	1.6597284488335462	0.007835459001312006	90.90371405649586	108.81039375387486	0.275	1	nan
unit	834	0	0.07651666925824759	8.73794474760024	0.09482013821292493	0.0013848436556965784	nan	nan	nan	0	35.35
unit	835	1	0.1104994487895336	5.867510368605203	11.013142964025812	0.013567965389669902	38.608526836875384	40.262889528662406	0.07222222222222222	1	nan
unit	836	0	0.07114186903476657	8.67536969930431	49.38784546928788	0.018539710332274934	nan	nan	nan	0	222.45
unit	837	1	0.08687594411065401	8.141955282701556	97.47773165500294	0.014653209312109367	92.1708084759078	92.34561012286633	0.041666666666666664	1	nan
unit	838	0	0.07353800740971879	8.566532747463366	0.18782053095616127	0.003578304178626	nan	nan	nan	0	627.05
unit	839	1	0.17150235877700495	4.7662767211909225	0.7933137198446667	0.0010909721455886485	43.20029974126741	294.29602397145237	0.7888888888888889	0	nan
unit	840	0	0.07651666925824759	8.73794474760024	17.108517081639224	0.002702246239310622	nan	nan	nan	0	63.9
unit	841	1	0.07441020346924392	7.329060131644633	42.7382751243222	0.006428832544229088	24.31504713657246	25.22229044664266	0.1361111111111111	1	nan
unit	842	0	0.07114186903476657	8.67536969930431	44.559910190082476	0.003947554855152514	nan	nan	nan	0	539.25
unit	843	1	0.47051878617467896	1.8354805616078302	1.646152585948376	0.0002902502588183747	62.13227222690175	549.2501131223108	0.0	0	nan
unit	844	0	0.08329095362678211	7.845857503657191	9.278929728935477	0.0053100124461977075	nan	nan	nan	0	233.0
unit	845	1	0.0981777050517521	6.852359935060013	10.546391800928816	0.04065067908275365	76.27315148590759	76.84948118809197	0.03611111111111111	1	nan
unit	846	0	0.07889793219269021	8.499716642980067	3.9725881450818483	0.00416932613575965	nan	nan	nan	0	198.8
unit	847	1	0.07987593590847152	8.014140759840798	2.3521330075727884	0.001797763052407213	69.43956598199314	125.6254558911537	0.25833333333333336	1	nan
unit	848	0	0.08687594411065401	8.141955282701556	2.5501303784836757	0.00024050088220244474	nan	nan	nan	0	607.15
unit	849	1	0.2791776079740415	3.163557797834569	1.3265824963676467	0.0030608303026367603	67.04772827724565	123.45511669985584	0.18888888888888888	1	nan
unit	850	0	0.1104994487895336	5.867510368605203	4.800785007966226	0.0019353760487373303	nan	nan	nan	0	234.7
unit	851	1	0.08235991544572548	8.816557300274935	15.293508430481648	0.0053532756190901015	16.09874623270096	19.127664518336424	0.05277777777777778	1	nan
unit	852	0	0.07044084803853763	8.652551455057065	1.1531936859933989	0.011587351804066129	nan	nan	nan	0	402.6
unit	853	1	0.2791776079740415	3.163557797834569	6.926142187754406	0.02014863148253459	34.874219570456106	36.63408914796666	0.05416666666666667	1	nan
unit	854	0	0.0675836924517922	9.494772358585028	1.3106494589515831	0.0028341833865821054	nan	nan	nan	0	296.05
unit	855	1	0.43684887945814554	2.2241310401199943	3.449877645173785	0.010072147185333594	19.72356543582169	26.66955060628947	0.08055555555555556	1	nan
unit	856	0	0.07172854276038826	8.946408935785406	35.15163682400888	0.007565926507814804	nan	nan	nan	0	59.05
unit	857	1	0.06983644824742441	8.933652988792224	6.459618802246003	0.011212496438162507	29.661070673642143	33.04763423426751	0.1986111111111111	1	nan
unit	858	0	0.06983644824742441	8.933652988792224	15.540779921788864	0.006834488519235599	nan	nan	nan	0	360.6
unit	859	1	0.06617259937531154	8.92814831892865	11.339552876975599	0.0029465790324334443	96.07084024237778	103.47169707934644	0.07361111111111111	1	nan
unit	860	0	0.07114186903476657	8.67536969930431	16.318583344858414	0.019623277808197698	nan	nan	nan	0	547.9
unit	861	1	0.08567542351293418	8.472590372355025	9.1715503732096	0.006193023430271656	64.65267932118556	68.99519737744308	1.6125	1	nan
unit	862	0	0.07441020346924392	7.329060131644633	2.068231990693811	0.08081224747657625	nan	nan	nan	0	426.95
unit	863	1	0.08687594411065401	8.141955282701556	3.768269265397756	0.005904717070757917	98.34826917732876	109.2269383678758	0.019444444444444445	1	nan
unit	864	0	0.06570933727675661	8.085177409598394	44.2084074336513	0.00588209043469031	nan	nan	nan	0	249.55
unit	865	1	0.07353800740971879	8.566532747463366	2.628193442691647	0.0003960061828639478	62.67167542850452	292.1279773062587	0.2263888888888889	0	nan
unit	866	0	0.07889793219269021	8.499716642980067	1.7649956210789566	0.0038627303964907937	nan	nan	nan	0	663.95
unit	867	1	0.06901479245493092	9.20419497808617	2.0928543876561343	0.008029453836310596	9.212518870886269	23.26592052752588	0.06111111111111111	1	nan
unit	868	0	0.43684887945814554	2.2241310401199943	4.993667584554346	0.003000660338057186	nan	nan	nan	0	652.05
unit	869	1	0.06617259937531154	8.92814831892865	49.757195450313695	0.001616873536845964	5.398635459211461	8.49833290172204	0.09027777777777778	1	nan
unit	870	0	0.06617259937531154	8.92814831892865	22.828382647483295	0.0028237579544631865	nan	nan	nan	0	125.4
unit	871	1	0.07368534337228515	8.428932672355476	5.83387294296405	0.05721294242719095	32.933789249167205	33.66719669350039	0.6194444444444445	1	nan
unit	872	0	0.07368534337228515	8.428932672355476	8.778438425216544	0.012296309043188174	nan	nan	nan	0	475.1
unit	873	1	1.3204525009121781	1.849384465237552	0.10005889236916923	0.02651263819922403	37.79617000903224	85.03184902738653	0.05694444444444444	1	nan
unit	874	0	0.06293562568174967	9.307313720240804	2.7612827991084363	0.02670597090354916	nan	nan	nan	0	198.55
unit	875	1	0.07034099306314577	8.930675626709197	37.891909286411256	0.008055885794017422	73.42479740752366	74.24110054644699	0.005555555555555556	1	nan
unit	876	0	0.06570933727675661	8.085177409598394	5.847360396393612	0.005426737289352679	nan	nan	nan	0	417.4
unit	877	1	0.07199640505015065	8.991666639725787	26.638278923886237	0.001937592493076294	71.24856231227625	76.06960973154227	0.06666666666666667	1	nan
unit	878	0	0.0675836924517922	9.494772358585028	6.365780603892498	0.006345678816752311	nan	nan	nan	0	228.6
unit	879	1	0.06945089529985875	9.022742269823246	1.0593910987790705	0.000758484330807756	79.3100857438792	358.6407225133816	0.2569444444444444	0	nan
unit	880	0	0.07199640505015065	8.991666639725787	0.6195339308969463	0.018841627695464234	nan	nan	nan	0	66.25
unit	881	1	0.06617259937531154	8.92814831892865	2.8022183656300577	0.0006684846342610622	75.15809648410439	202.99541377899814	0.2388888888888889	0	nan
unit	882	0	0.1104994487895336	5.867510368605203	3.8602901112280374	0.004160701596018199	nan	nan	nan	0	183.75
unit	883	1	0.0918794841646453	7.659592484860813	7.344429141679704	0.0027553757477230194	62.85645474198875	75.0046653550768	0.020833333333333332	1	nan
unit	884	0	0.07368534337228515	8.428932672355476	9.703023073460885	0.0027036558960641497	nan	nan	nan	0	45.8
unit	885	1	0.07172854276038826	8.946408935785406	30.580920730293435	0.0007717205409677475	59.456892200751895	70.00708079830814	0.002777777777777778	1	nan
unit	886	0	0.07034099306314577	8.930675626709197	7.202685098815411	0.0032361294913916183	nan	nan	nan	0	667.85
unit	887	1	0.06570933727675661	8.085177409598394	192.94213257183256	0.03757359320242436	91.8251106814476	91.85957335718692	0.14305555555555555	1	nan
unit	888	0	0.08235991544572548	8.816557300274935	1.8553459187722368	0.0008071175516211729	nan	nan	nan	0	69.95
unit	889	1	0.08329095362678211	7.845857503657191	89.44399093119014	0.022810148255655586	2.380267671202021	2.5026319066665237	2.4069444444444446	1	nan
unit	890	0	0.06540208768606372	9.515689123814024	1.1942352743788527	0.005293899256227402	nan	nan	nan	0	590.0
unit	891	1	0.08972075944477054	8.532005144513137	2.0096909897589676	0.0166224527953042	75.24167234852912	82.29521019703135	0.030555555555555555	1	nan
unit	892	0	0.07509129666073337	8.448810807808941	11.012371307250014	0.031370424424791404	nan	nan	nan	0	276.6
unit	893	1	0.08329095362678211	7.845857503657191	0.8407353273491903	0.008469686206083614	87.26025567337582	117.99698606439517	0.05694444444444444	1	nan
unit	894	0	0.07509129666073337	8.448810807808941	3.738502100250201	0.07498643694288448	nan	nan	nan	0	619.2
unit	895	1	0.07651666925824759	8.73794474760024	0.9399821822862912	0.013022910998478705	3.792469435492636	21.90153069549431	0.25416666666666665	1	nan
unit	896	0	0.07114186903476657	8.67536969930431	6.739764463578739	0.034669044771472944	nan	nan	nan	0	258.0
unit	897	1	0.08972075944477054	8.532005144513137	332.99867359072624	0.008398629320032436	98.58189979502525	98.67125628856061	0.24444444444444444	1	nan
unit	898	0	0.0675836924517922	9.494772358585028	96.53183131867605	0.004862581310334056	nan	nan	nan	0	3.05
unit	899	1	0.08567542351293418	8.472590372355025	82.4260383843998	0.011707787864231456	72.4206146427961	72.6792827918026	0.06388888888888888	1	nan
unit	900	0	0.0675836924517922	9.494772358585028	1.5355539291157467	0.15248152364043435	nan	nan	nan	0	140.05
unit	901	1	0.08235991544572548	8.816557300274935	1.186171592387751	0.07359808145422886	16.674562933788113	19.273135903298613	0.14722222222222223	1	nan
unit	902	0	0.07353800740971879	8.566532747463366	15.847756125067757	0.008621974450639686	nan	nan	nan	0	493.85
unit	903	1	0.08235991544572548	8.816557300274935	1.2338433600774013	0.007301934106406513	50.95444351623089	76.22194158991476	0.04583333333333333	1	nan
unit	904	0	0.07199640505015065	8.991666639725787	10.569455248563795	0.004255802043315356	nan	nan	nan	0	360.4
unit	905	1	0.5998237311057958	1.6316276612167815	3.3441967350880395	0.0041731113611166845	20.219254423000816	37.49509365617901	0.4722222222222222	1	nan
unit	906	0	0.0981777050517521	6.852359935060013	2.1944912799124214	0.0003299621032887825	nan	nan	nan	0	162.85
unit	907	1	0.241511327416282	4.075903805078148	0.5045623693007518	0.014795074715649581	27.902007593632078	55.103389641033694	0.2611111111111111	1	nan
unit	908	0	0.0918794841646453	7.659592484860813	1.6776069279451062	0.02899822530233545	nan	nan	nan	0	195.9
unit	909	1	0.07044084803853763	8.652551455057065	36.513709077910036	0.0002996341722993416	31.99631794869714	54.76879056774601	0.16666666666666666	1	nan
unit	910	0	0.47051878617467896	1.8354805616078302	16.63815721027365	0.0014423841840220234	nan	nan	nan	0	124.8
unit	911	1	0.07003120857964042	9.03106919272778	275.0374375563893	0.02113724197591771	73.21375145825179	73.25673503699714	0.17083333333333334	1	nan
unit	912	0	0.07003120857964042	9.03106919272778	1.6415513433328024	0.010501712467806176	nan	nan	nan	0	126.85
unit	913	1	0.07509129666073337	8.448810807808941	0.29275354087559075	0.00041189610216772694	29.66948124215217	1528.4072255834794	0.10555555555555556	0	nan
unit	914	0	0.47051878617467896	1.8354805616078302	9.357092191457433	0.007571969606834958	nan	nan	nan	0	181.25
unit	915	1	0.06271659177689277	8.94459617454187	4.732099614476369	0.0007907563496844835	84.60618646475329	149.71146750494177	0.39305555555555555	1	nan
unit	916	0	0.06861560537297894	9.219327591281345	0.07028629619189225	0.0023914381989278235	nan	nan	nan	0	65.7
unit	917	1	1.3204525009121781	1.849384465237552	3.2381899500883895	0.0030037293122792473	36.96371038331953	61.72241487461022	0.20277777777777778	1	nan
unit	918	0	0.07889793219269021	8.499716642980067	7.157824043008804	0.0009879508941680443	nan	nan	nan	0	25.4
unit	919	1	0.08567542351293418	8.472590372355025	27.623787047700766	0.0001926749335991095	43.76120721160665	90.5211234238225	0.02361111111111111	1	nan
unit	920	0	0.2791776079740415	3.163557797834569	5.61878198341149	0.0014176603766277852	nan	nan	nan	0	98.65
unit	921	1	0.0981777050517521	6.852359935060013	8.159641199205529	0.001542551544659646	94.61964345813246	114.18373015930844	0.5291666666666667	1	nan
unit	922	0	0.08972075944477054	8.532005144513137	20.98360136428425	0.0006789446089722454	nan	nan	nan	0	209.55
unit	923	1	0.07199640505015065	8.991666639725787	3.4492918679052034	0.012486335538346997	43.70705272721557	49.31097549302713	0.08194444444444444	1	nan
unit	924	0	0.06293562568174967	9.307313720240804	1.7133076786871233	0.002926453468498729	nan	nan	nan	0	129.15
unit	925	1	0.07003120857964042	9.03106919272778	34.421679456055365	0.00641941173212292	84.11721745690832	85.24451967612214	1.7055555555555555	1	nan
unit	926	0	0.5998237311057958	1.6316276612167815	4.641958811853038	0.0027589899738329946	nan	nan	nan	0	509.85
unit	927	1	0.06271659177689277	8.94459617454187	0.779219266305917	0.0028797691160301502	49.25970817188055	145.88666364542144	0.11388888888888889	1	nan
unit	928	0	0.241511327416282	4.075903805078148	1.736682909464362	0.02490167428132746	nan	nan	nan	0	104.2
unit	929	1	0.06271659177689277	8.94459617454187	3.0335215944887595	0.002720033924944226	18.69197793160654	47.80643695466045	0.0	1	nan
unit	930	0	0.07987593590847152	8.014140759840798	32.48496089042983	0.0039321315517559	nan	nan	nan	0	444.1
unit	931	1	0.06983644824742441	8.933652988792224	2.603463322735959	0.007860009470830135	88.90130175757838	100.56679045399973	0.14027777777777778	1	nan
unit	932	0	0.08628542398493783	8.361438060979085	1.3097723580377307	0.0045653649875305406	nan	nan	nan	0	253.0
unit	933	1	0.06901479245493092	9.20419497808617	2.960540775615999	0.006015946072255263	33.64149710135699	47.11692420612468	0.19444444444444445	1	nan
unit	934	0	0.1104994487895336	5.867510368605203	1.005225548064617	0.014877159838760605	nan	nan	nan	0	255.65
unit	935	1	0.08972075944477054	8.532005144513137	2.020104095504714	0.002288036702201868	91.15447325057984	142.14869238470538	0.1527777777777778	1	nan
unit	936	0	1.3204525009121781	1.849384465237552	16.48007969241687	0.0007452840625487684	nan	nan	nan	0	296.6
unit	937	1	0.06293562568174967	9.307313720240804	136.43065852535986	0.002012133445987058	82.40286082584181	83.31271889081451	0.3680555555555556	1	nan
unit	938	0	0.0713143835022201	9.023670076799482	0.8988651705974102	0.0014589715715577678	nan	nan	nan	0	309.65
unit	939	1	0.07044084803853763	8.652551455057065	3.5078502709998465	0.08518419701672127	64.07865446799329	64.88682861800105	0.0125	1	nan
unit	940	0	0.07353800740971879	8.566532747463366	3.279563766142858	0.2440508218656272	nan	nan	nan	0	129.9
unit	941	1	0.06617259937531154	8.92814831892865	46.91433185536854	0.004590308502575711	61.05308782712414	62.2108997358596	0.42916666666666664	1	nan
unit	942	0	0.07651666925824759	8.73794474760024	37.726975878638946	0.0011952075902515052	nan	nan	nan	0	19.45
unit	943	1	0.07509129666073337	8.448810807808941	5.211643862165179	0.01989131935174881	59.15155756290742	61.50708213636822	2.3513888888888888	1	nan
unit	944	0	0.0713143835022201	9.023670076799482	240.58971645821535	0.31436550535454927	nan	nan	nan	0	368.05
unit	945	1	1.3204525009121781	1.849384465237552	158.68533000645274	0.009891263918235346	9.666138553510486	9.82528962259533	0.016666666666666666	1	nan
unit	946	0	0.17150235877700495	4.7662767211909225	1.6070433760274017	0.00779847401398783	nan	nan	nan	0	269.0
unit	947	1	0.07003120857964042	9.03106919272778	2.7018266153691153	0.007447029845926199	37.73771101989885	49.62112007443754	0.09166666666666666	1	nan
unit	948	0	0.07509129666073337	8.448810807808941	1.0424121316290436	0.0021341920156291525	nan	nan	nan	0	175.15
unit	949	1	0.07353800740971879	8.566532747463366	2.616966846506469	0.006309998838977392	29.602513760051224	44.06189329061185	0.006944444444444444	1	nan
unit	950	0	0.06861560537297894	9.219327591281345	0.2645325079135059	0.004112615017113519	nan	nan	nan	0	78.25
unit	951	1	0.08235991544572548	8.816557300274935	50.69606003903635	0.002402838416695631	11.37123706302799	13.418495163435162	0.022222222222222223	1	nan
unit	952	0	0.06570933727675661	8.085177409598394	5.409439269696911	0.021546211239649074	nan	nan	nan	0	519.35
unit	953	1	0.1104994487895336	5.867510368605203	3.1500234424436515	0.005990934601428975	68.51306964152646	81.26106918754795	0.0125	1	nan
unit	954	0	0.07987593590847152	8.014140759840798	11.244633830746269	0.0020297087765185446	nan	nan	nan	0	372.6
unit	955	1	0.07114186903476657	8.67536969930431	5.478651604557087	0.00948462647205714	68.48438256903957	73.18896086513583	0.06388888888888888	1	nan
unit	956	0	0.0713143835022201	9.023670076799482	9.835305632169497	0.0004903200378454458	nan	nan	nan	0	514.45
unit	957	1	0.06271659177689277	8.94459617454187	1.7821584514322693	0.0005895365649861151	87.71978481179214	310.3917439286894	0.016666666666666666	0	nan
unit	958	0	0.07172854276038826	8.946408935785406	25.67495845923095	0.00037787261744699714	nan	nan	nan	0	291.5
unit	959	1	0.08972075944477054	8.532005144513137	11.532432851479253	0.0028748460026107067	38.93818626027426	46.39819173166562	0.043055555555555555	1	nan
unit	960	0	0.07889793219269021	8.499716642980067	15.45992582040104	0.0018418843582963457	nan	nan	nan	0	296.2
unit	961	1	0.06293562568174967	9.307313720240804	16.108855628169465	0.0017464292506498543	62.78655490535723	71.60467310439826	0.0763888888888889	1	nan
unit	962	0	0.08567542351293418	8.472590372355025	3.5000273942697366	0.0036599478295086508	nan	nan	nan	0	44.2
unit	963	1	0.07509129666073337	8.448810807808941	0.1826525384569699	0.01665949755289704	11.453917558125957	63.21714153605132	1.6513888888888888	1	nan
unit	964	0	1.3204525009121781	1.849384465237552	8.989550359927408	0.005123935455334472	nan	nan	nan	0	374.1
unit	965	1	0.47051878617467896	1.8354805616078302	3.0428650088439615	0.010814027622692405	78.31784353215106	85.61933222993518	0.24444444444444444	1	nan
unit	966	0	0.241511327416282	4.075903805078148	0.7272770603928544	0.01861282361187034	nan	nan	nan	0	566.1
unit	967	1	0.0918794841646453	7.659592484860813	5.659156693826216	0.031856056648302995	57.45646146425691	58.8134480876536	0.08888888888888889	1	nan
unit	968	0	0.07172854276038826	8.946408935785406	29.833460981093776	0.0014181031908547111	nan	nan	nan	0	515.15
unit	969	1	0.07441020346924392	7.329060131644633	13.685224243319341	0.007127915873099426	12.448408619470802	14.988144608942607	0.002777777777777778	1	nan
unit	970	0	0.06861560537297894	9.219327591281345	13.752736166004425	0.01930413834680678	nan	nan	nan	0	71.35
unit	971	1	0.06570933727675661	8.085177409598394	377.69922132114897	0.005143001047405455	70.74345832637783	70.8721153842654	0.1597222222222222	1	nan
unit	972	0	0.08235991544572548	8.816557300274935	24.09527758077871	0.008319887973132187	nan	nan	nan	0	476.75
unit	973	1	0.06983644824742441	8.933652988792224	3.1574935827318047	0.020034713244963535	18.816509194161615	22.619830835260345	0.019444444444444445	1	nan
unit	974	0	0.06861560537297894	9.219327591281345	1.5845114256938484	0.001646029033009758	nan	nan	nan	0	543.75
unit	975	1	0.07034099306314577	8.930675626709197	3.98456292930562	0.0019133929332458483	86.71360952969418	118.51705671987497	0.075	1	nan
unit	976	0	0.06271659177689277	8.94459617454187	54.80283012605418	0.007388509876165633	nan	nan	nan	0	469.05
unit	977	1	1.3204525009121781	1.849384465237552	3.599735372945134	0.021285371700693372	70.14385853112161	73.29832899734402	0.3888888888888889	1	nan
unit	978	0	0.1104994487895336	5.867510368605203	0.25429292345350596	0.01196769503493861	nan	nan	nan	0	412.95
unit	979	1	0.06271659177689277	8.94459617454187	2.853022114389271	0.0027519919656309668	38.89313899544837	69.41564407178493	0.11388888888888889	1	nan
unit	980	0	0.07114186903476657	8.67536969930431	4.3361104624595646	0.014705343759872291	nan	nan	nan	0	421.45
unit	981	1	0.07987593590847152	8.014140759840798	5.0023038670957645	0.011113501967792993	55.692428807177556	60.08062548760482	0.06111111111111111	1	nan
unit	982	0	0.07368534337228515	8.428932672355476	1.2580601563753158	0.0005987225590087368	nan	nan	nan	0	570.65
unit	983	1	0.08235991544572548	8.816557300274935	2.8186919574431357	0.0013129321501260836	61.319818277488274	126.04400515933722	0.05	1	nan
unit	984	0	0.07172854276038826	8.946408935785406	156.79089563530624	0.031289360448191215	nan	nan	nan	0	76.3
unit	985	1	1.3204525009121781	1.849384465237552	5.688802954209406	0.01772041245000253	71.29071352295044	73.71773046949704	0.4652777777777778	1	nan
unit	986	0	0.06271659177689277	8.94459617454187	9.010965144744931	0.002677308739960104	nan	nan	nan	0	170.8
unit	987	1	0.17150235877700495	4.7662767211909225	57.11235591629576	0.010081769115870007	73.99149079625816	74.42472664766488	0.008333333333333333	1	nan
unit	988	0	0.07368534337228515	8.428932672355476	15.941918977317549	0.0048259116633758625	nan	nan	nan	0	272.25
unit	989	1	0.06570933727675661	8.085177409598394	2.904315474716195	0.0008513114842792878	58.521130580570826	155.51709873865718	0.29305555555555557	1	nan
unit	990	0	0.06983644824742441	8.933652988792224	0.7878737862562118	0.012270364702586316	nan	nan	nan	0	201.6
unit	991	1	0.07114186903476657	8.67536969930431	0.8483351519411847	0.0005856936758397981	50.0400120584573	491.01289712359716	0.25	0	nan
unit	992	0	0.0918794841646453	7.659592484860813	8.083398528541682	0.00543226165587029	nan	nan	nan	0	135.95
unit	993	1	0.06945089529985875	9.022742269823246	1.0394874543812989	0.014553319417074717	53.328994535798046	68.13778500572138	0.015277777777777777	1	nan
unit	994	0	0.08687594411065401	8.141955282701556	9.581819858371018	0.06432131808176753	nan	nan	nan	0	430.75
unit	995	1	0.0918794841646453	7.659592484860813	0.796648445091466	0.005035426620287909	38.786864311683274	92.98979840051646	0.015277777777777777	1	nan
unit	996	0	0.06617259937531154	8.92814831892865	9.347085605814913	0.030305357828260656	nan	nan	nan	0	630.95
unit	997	1	0.2791776079740415	3.163557797834569	3.5227438805179228	0.00381767413563394	25.923760308999224	43.882956562590216	0.0625	1	nan
unit	998	0	0.2791776079740415	3.163557797834569	17.291157340603327	0.021662423225276305	nan	nan	nan	0	316.2
unit	999	1	0.5998237311057958	1.6316276612167815	22.43806052057794	0.00019131199427769942	89.04969890755962	146.96645706956065	0.6708333333333333	1	nan
