segment	cls	out_of_domain	max_jump	excitation	bias	drift	asymmetry	lag	gain_dev	hf_noise	z_bias	z_drift	z_asymmetry	z_lag	z_gain_dev	z_hf_noise	max_abs_z	top_feature	n_valid	v_mean
00000	candidate_pool	0.0	0.12932	0.58668	-0.00526	0.00014	0.00054	0.0	-0.00647	0.02935	-1.51112	0.53455	-0.82754	-1.46541	0.67638	-0.43378	1.51112	bias	599.0	21.12055
00001	candidate_pool	0.0	0.18602	0.25256	-0.0013	0.00014	0.08484	0.2	-0.07282	0.04313	-0.20644	0.53708	1.88721	1.46541	-1.80709	0.52596	1.88721	asymmetry	600.0	30.44709
00002	candidate_pool	0.0	0.02385	0.06134	0.00369	-0.00042				0.00699	1.43558	-1.6561				-1.99069	1.99069	hf_noise	600.0	8.31898
00003	candidate_pool	0.0	0.19235	0.11331	-0.00364	0.00032				0.04448	-0.97956	1.23875				0.61956	1.23875	drift	599.0	31.12268
00004	candidate_pool	0.0	0.22807	0.57783	0.00141	-0.00023	0.01577	0.2	-0.02132	0.04892	0.68571	-0.91439	-0.33723	1.46541	0.12042	0.9291	1.46541	lag	600.0	24.71357
00005	candidate_pool	0.0	0.13933	0.14937	0.00091	-9e-05				0.01891	0.52034	-0.36095				-1.16047	1.16047	hf_noise	559.0	14.15899
00006	candidate_pool	0.0	0.06259	0.07173	0.0019	-0.00014				0.00994	0.84687	-0.57306				-1.78536	1.78536	hf_noise	587.0	11.55436
00007	candidate_pool	0.0	0.2987	0.76188	-0.00241	0.00037	0.00112	0.0	-0.00455	0.05334	-0.57342	1.44391	-0.8091	-1.46541	0.74817	1.23687	1.46541	lag	599.0	26.6754
00008	candidate_pool	0.0	0.13544	0.34696	-0.00235	-0.00021		0.1	-0.02527	0.03885	-0.554	-0.83582		0.0	-0.02733	0.22812	0.83582	drift	600.0	28.7203
00009	response_candidate	0.0	0.21814	0.27094	-0.00663	0.00022		0.2	-0.14252	0.05047	-1.96224	0.83897		1.46541	-4.41638	1.03727	4.41638	gain_dev	600.0	28.118
00010	candidate_pool	0.04841	0.09709	0.82229	-0.00917	-0.00058	-0.0104	0.1	0.01407	0.0288	-2.79821	-2.27014	-1.18013	0.0	1.44522	-0.47239	2.79821	bias	570.0	16.88941
00012	candidate_pool	0.0	0.18782	0.7022	-0.00251	0.00041	0.0284	0.2	-0.03133	0.04409	-0.60722	1.58815	0.0695	1.46541	-0.25434	0.59232	1.58815	drift	600.0	27.63142
00013	candidate_pool	0.0	0.15532	0.25095	0.0026	-0.00013		0.1	-0.01655	0.03686	1.07703	-0.52163		0.0	0.29896	0.08917	1.07703	bias	600.0	19.70832
00014	candidate_pool	0.0	0.17577	0.48203	-0.00335	-0.00021	0.03364	0.2	-0.01117	0.03569	-0.8824	-0.83748	0.23841	1.46541	0.50061	0.00796	1.46541	lag	600.0	24.60177
00016	candidate_pool	0.0	0.20004	0.46368	-0.00149	6e-05	0.02152	0.2	-0.02103	0.04526	-0.26973	0.20555	-0.15188	1.46541	0.13153	0.67393	1.46541	lag	600.0	18.95849
00017	candidate_pool	0.0	0.07391	0.0645	-0.00274	-0.0001				0.01413	-0.68233	-0.41747				-1.49373	1.49373	hf_noise	599.0	18.62815
00018	candidate_pool	0.0	0.34712	0.39729	0.00097	0.00031	0.05171	0.2	-0.0609	0.0488	0.54118	1.2022	0.82017	1.46541	-1.36094	0.92051	1.46541	lag	599.0	23.62575
00019	model_domain	0.11519	0.69283	0.1927	-0.00166	0.00012	-0.02661	0.1	0.02501	0.04174									530.0	11.26436
00021	candidate_pool	0.0	0.53503	0.90491	-0.00046	0.00057	0.0427	0.2	-0.02049	0.05497	0.06962	2.20873	0.5302	1.46541	0.15144	1.35033	2.20873	drift	599.0	22.90373
00022	candidate_pool	0.08681	0.18944	0.21683	-0.00014	-3e-05	0.01352	0.1	-0.00622	0.01974	0.17294	-0.11273	-0.40964	0.0	0.68581	-1.10322	1.10322	hf_noise	547.0	12.17348
00023	candidate_pool	0.0	0.30574	1.24896	0.0058	-0.00019	0.03593	0.0	-0.00932	0.0496	2.13031	-0.73758	0.31218	-1.46541	0.56987	0.97624	2.13031	bias	599.0	22.92344
00024	candidate_pool	0.08909	0.31327	0.56916	0.0043	0.00051		0.0	0.0079	0.04996	1.63758	1.98935		-1.46541	1.21434	1.00139	1.98935	drift	501.0	25.18729
00025	candidate_pool	0.07333	0.54514	0.72586	-0.00334	8e-05	-0.01593	0.1	0.01163	0.03828	-0.87825	0.31452	-1.35797	0.0	1.354	0.18838	1.35797	asymmetry	556.0	11.59656
00026	candidate_pool	0.06667	0.41475	0.37475	0.00086	5e-05	0.01319	0.1	-0.01902	0.03707	0.50541	0.16604	-0.42033	0.0	0.20679	0.1036	0.50541	bias	560.0	15.23808
00027	candidate_pool	0.0	0.26615	1.00906	-0.00598	0.00075	0.01306	0.1	-0.01527	0.06469	-1.74878	2.8864	-0.42461	0.0	0.34719	2.02704	2.8864	drift	600.0	30.77998
00028	candidate_pool	0.0	0.13893	0.65631	-0.00039	0.00015	0.01637	0.2	-0.00376	0.03148	0.09284	0.56062	-0.3177	1.46541	0.77777	-0.28541	1.46541	lag	599.0	30.14955
00029	candidate_pool	0.0	0.01649	0.01241	2e-05	0.0				0.00502	0.22571	-0.0042				-2.12775	2.12775	hf_noise	348.0	5.99281
00030	candidate_pool	0.0	0.16401	0.60172	0.00201	-0.00029	0.02285	0.1	-0.01144	0.05001	0.88175	-1.13361	-0.10914	0.0	0.49022	1.00461	1.13361	drift	599.0	30.82702
00031	response_candidate	0.0	0.45807	0.18116	-0.00221	8e-05		0.2	-0.16395	0.04629	-0.5082	0.31341		1.46541	-5.21841	0.74581	5.21841	gain_dev	525.0	19.3562
00032	candidate_pool	0.0	0.04469	0.06222	0.00088	3e-05				0.00988	0.5107	0.12013				-1.78939	1.78939	hf_noise	563.0	13.83125
00033	candidate_pool	0.0	0.09005	0.07523	-0.0026	4e-05				0.01828	-0.63681	0.1389				-1.20456	1.20456	hf_noise	600.0	11.78416
00034	candidate_pool	0.0	0.11944	0.11997	-0.00107	-0.00012				0.02256	-0.13107	-0.47738				-0.90626	0.90626	hf_noise	520.0	13.29868
00035	candidate_pool	0.0	0.19671	0.14672	-0.00107	8e-05				0.04441	-0.13102	0.3161				0.61497	0.61497	hf_noise	599.0	24.77622
00036	candidate_pool	0.0	0.34164	0.31308	0.00412	-0.0002	0.01149	0.1	-0.03935	0.03946	1.57744	-0.79948	-0.47511	0.0	-0.55433	0.27029	1.57744	bias	599.0	27.52307
00037	candidate_pool	0.0	0.14281	0.1164	-0.00034	0.0001				0.03102	0.10798	0.36769				-0.31734	0.36769	drift	600.0	27.73846
00038	model_domain	0.18878	0.24046	0.10286	-0.00087	0.00011				0.02339									318.0	10.2561
00039	candidate_pool	0.0	0.12683	0.04931	0.00045	-2e-05				0.01788	0.36945	-0.07165				-1.23224	1.23224	hf_noise	462.0	7.1643
00040	candidate_pool	0.0	0.14092	0.6314	0.0017	-6e-05	0.07056	0.2	-0.02737	0.03676	0.77914	-0.22742	1.42744	1.46541	-0.10599	0.08235	1.46541	lag	600.0	21.73396
00041	candidate_pool	0.0	0.11334	0.30863	0.00154	0.00011	0.03216	0.1	-0.03944	0.02144	0.7287	0.42276	0.19065	0.0	-0.5578	-0.98473	0.98473	hf_noise	599.0	17.83528
00042	candidate_pool	0.09015	0.40619	0.49054	-0.00131	-0.00027	0.01662	0.1	-0.00048	0.03965	-0.21128	-1.06007	-0.30989	0.0	0.90079	0.28317	1.06007	drift	545.0	20.59945
00043	candidate_pool	0.0	0.13028	0.0962	-0.00103	7e-05				0.02134	-0.11792	0.26204				-0.99147	0.99147	hf_noise	593.0	14.62535
00044	candidate_pool	0.0	0.12338	0.15202	-0.00181	0.00013		0.1	-0.0543	0.0232	-0.37503	0.50112		0.0	-1.11392	-0.86232	1.11392	gain_dev	578.0	12.61776
00045	candidate_pool	0.0	0.29976	0.06827	-0.00045	-0.00023				0.03511	0.07386	-0.89949				-0.03296	0.89949	drift	599.0	21.77286
00046	candidate_pool	0.0	0.11786	0.86641	-0.00125	-0.00036	0.0447	0.1	-0.02597	0.03395	-0.1895	-1.42397	0.59459	0.0	-0.05355	-0.11321	1.42397	drift	599.0	28.04323
00047	candidate_pool	0.01833	0.26955	0.96745	-0.00507	-0.00039	-0.03053	0.0	0.01544	0.02861	-1.44787	-1.52914	-1.82835	-1.46541	1.49675	-0.485	1.82835	asymmetry	589.0	15.04478
00048	candidate_pool	0.0	0.12657	0.3266	3e-05	7e-05		0.2	-0.01394	0.02915	0.23026	0.27854		1.46541	0.39695	-0.44796	1.46541	lag	600.0	25.99288
00049	candidate_pool	0.05587	0.43723	0.12963	0.00113	0.00068				0.03562	0.59368	2.63728				0.00288	2.63728	drift	507.0	15.25848
00050	candidate_pool	0.0	0.25176	0.10134	0.00083	0.00025				0.05234	0.49275	0.95503				1.1669	1.1669	hf_noise	599.0	34.40071
00052	candidate_pool	0.0	0.09078	0.17052	-0.00171	-0.00012		0.0	-0.0257	0.01404	-0.34255	-0.48273		-1.46541	-0.04352	-1.50012	1.50012	hf_noise	600.0	16.34249
00053	candidate_pool	0.0	0.09401	0.17251	-0.00275	-0.00016	0.0336	0.1	-0.02875	0.02045	-0.68529	-0.62337	0.23707	0.0	-0.15742	-1.05343	1.05343	hf_noise	599.0	16.49993
00054	candidate_pool	0.0	0.11712	0.20867	0.00236	0.00021		0.2	-0.02939	0.03158	0.99755	0.78512		1.46541	-0.18155	-0.27829	1.46541	lag	599.0	33.09187
00055	candidate_pool	0.0	0.10027	0.0775	0.00137	6e-05				0.02063	0.67321	0.21798				-1.04089	1.04089	hf_noise	600.0	19.27882
00057	candidate_pool	0.0	0.17606	0.13328	-0.00075	-0.00023				0.04129	-0.02795	-0.89557				0.39799	0.89557	drift	599.0	31.39127
00058	candidate_pool	0.0	0.10434	0.07593	-0.00336	-0.0001				0.02468	-0.88568	-0.40135				-0.75884	0.88568	bias	600.0	26.39302
00059	candidate_pool	0.0	0.33866	2.03485	-0.00144	-0.00049	0.04818	0.1	-0.01301	0.06353	-0.25251	-1.90482	0.70665	0.0	0.43173	1.94669	1.94669	hf_noise	601.0	21.5373
00060	candidate_pool	0.0	0.2108	0.86387	-0.00962	-0.00031	0.03	0.0	-0.01488	0.04155	-2.94866	-1.22805	0.12118	-1.46541	0.36158	0.41574	2.94866	bias	600.0	29.69324
00061	candidate_pool	0.0	0.31824	0.39449	-0.0055	-0.00015	0.00312	0.1	0.01472	0.03112	-1.59206	-0.60834	-0.74453	0.0	1.46974	-0.31063	1.59206	bias	599.0	13.4666
00062	candidate_pool	0.0	0.06	0.02634	-0.00203	0.00011				0.01107	-0.44866	0.39597				-1.70679	1.70679	hf_noise	487.0	7.71335
00063	candidate_pool	0.0	0.25066	0.26717	-0.00268	0.00026	0.06736	0.2	-0.07004	0.0451	-0.66355	0.9814	1.32427	1.46541	-1.70319	0.66333	1.70319	gain_dev	599.0	20.19979
00064	candidate_pool	0.0	0.18244	0.18045	0.00013	0.00034		0.1	-0.11527	0.03903	0.2635	1.29645		0.0	-3.39642	0.24017	3.39642	gain_dev	600.0	18.58018
00065	candidate_pool	0.0	0.25498	0.31413	-0.00081	-0.00047		0.2	-0.11365	0.05451	-0.04479	-1.85324		1.46541	-3.3355	1.31836	3.3355	gain_dev	600.0	32.01308
00066	candidate_pool	0.0	0.31949	0.36442	-0.00253	-0.00016		0.1	-0.02957	0.04025	-0.61182	-0.64556		0.0	-0.18811	0.32553	0.64556	drift	600.0	26.01446
00067	candidate_pool	0.0	0.42788	0.65876	-0.00753	-0.00025	0.01908	0.1	-0.01639	0.05732	-2.25866	-0.99969	-0.23056	0.0	0.30514	1.51418	2.25866	bias	599.0	29.92152
00068	candidate_pool	0.0	0.10624	1.0823	-0.00427	0.0004	-0.01612	0.0	0.00811	0.02481	-1.18649	1.53431	-1.36408	-1.46541	1.22233	-0.74961	1.53431	drift	600.0	17.71955
00069	candidate_pool	0.05596	0.40721	0.36448	-0.00273	0.0004	-0.00559	0.0	0.00845	0.03018	-0.67832	1.53619	-1.02506	-1.46541	1.23501	-0.37625	1.53619	drift	523.0	16.32126
00070	candidate_pool	0.0	0.18797	0.89034	-0.0019	-0.00024	0.00833	0.0	-0.00511	0.03591	-0.40663	-0.93391	-0.57689	-1.46541	0.72723	0.02298	1.46541	lag	599.0	27.22372
00071	candidate_pool	0.0	0.11183	0.03783	0.00121	5e-05				0.02568	0.61995	0.18738				-0.68906	0.68906	hf_noise	600.0	19.12947
00072	candidate_pool	0.0	0.03072	0.01657	-0.00158	6e-05				0.0066	-0.30075	0.21104				-2.01803	2.01803	hf_noise	359.0	7.82283
00073	candidate_pool	0.0	0.18091	0.60729	-0.00049	0.00046		0.1	-0.00141	0.03282	0.06035	1.75848		0.0	0.86579	-0.19228	1.75848	drift	599.0	21.04891
00074	candidate_pool	0.0	0.20135	0.24987	-0.00132	4e-05	0.07136	0.2	-0.07175	0.05085	-0.21396	0.15043	1.45309	1.46541	-1.76731	1.06321	1.76731	gain_dev	600.0	21.41535
00075	candidate_pool	0.0	0.38354	0.52087	0.00214	-0.00061	0.02767	0.2	-0.03134	0.07038	0.92693	-2.39972	0.04618	1.46541	-0.25471	2.42341	2.42341	hf_noise	599.0	30.41337
00076	candidate_pool	0.0	0.48969	0.79571	-0.00673	-0.00102	0.07606	0.1	-0.0499	0.0674	-1.99609	-3.9672	1.60463	0.0	-0.94931	2.21612	3.9672	drift	599.0	23.22479
00077	candidate_pool	0.0	0.39779	0.90839	0.00312	0.00098	0.08047	0.1	-0.04805	0.06621	1.247	3.79267	1.74654	0.0	-0.88004	2.13325	3.79267	drift	600.0	27.7351
00079	candidate_pool	0.0	0.27362	0.30331	-0.00153	-0.0	0.06989	0.2	-0.08026	0.04376	-0.28187	-0.02831	1.40594	1.46541	-2.08579	0.56963	2.08579	gain_dev	600.0	21.71152
00080	candidate_pool	0.0	0.20801	0.40471	-0.0065	8e-05	0.05028	0.1	-0.03203	0.03785	-1.92092	0.30403	0.7742	0.0	-0.28041	0.15801	1.92092	bias	599.0	21.86712
00081	candidate_pool	0.0	0.19745	0.52435	0.00082	0.00031	0.04872	0.1	-0.02139	0.0404	0.48988	1.18402	0.72402	0.0	0.11797	0.33582	1.18402	drift	600.0	26.28144
00082	candidate_pool	0.0	0.12327	0.22192	0.00017	-8e-05		0.1	-0.0434	0.02319	0.2761	-0.30509		0.0	-0.70594	-0.86299	0.86299	hf_noise	599.0	19.18762
00083	candidate_pool	0.0	0.1199	0.35984	-0.00303	-0.00023		0.1	-0.03413	0.02475	-0.77857	-0.89841		0.0	-0.35883	-0.75411	0.89841	drift	599.0	22.38646
00084	candidate_pool	0.0	0.11682	0.85891	0.00456	-0.00039	0.02739	0.1	-0.01761	0.02962	1.72064	-1.52207	0.03702	0.0	0.25952	-0.41508	1.72064	bias	600.0	24.1895
00085	candidate_pool	0.0	0.09756	0.03993	0.00367	-0.00029				0.02085	1.42801	-1.15089				-1.02543	1.42801	bias	339.0	18.43005
00086	candidate_pool	0.0	0.27682	0.12073	-0.00102	-0.0002				0.06996	-0.11591	-0.7921				2.39399	2.39399	hf_noise	599.0	26.34721
00087	candidate_pool	0.0	0.20947	0.58923	0.00138	-0.00033		0.1	-0.01393	0.04874	0.67577	-1.28379		0.0	0.397	0.91679	1.28379	drift	599.0	23.75797
00088	candidate_pool	0.0	0.05564	0.11398	-0.00028	-3e-05				0.01094	0.12788	-0.1485				-1.71593	1.71593	hf_noise	512.0	6.89677
00089	candidate_pool	0.0	0.16387	0.32828	-0.00115	-2e-05		0.1	-0.00596	0.02954	-0.15884	-0.09494		0.0	0.69551	-0.42084	0.69551	gain_dev	600.0	25.87691
00090	candidate_pool	0.0	0.19268	0.38571	-0.00069	0.00033	0.04957	0.0	-0.03878	0.03545	-0.00741	1.27689	0.75135	-1.46541	-0.53299	-0.00867	1.46541	lag	600.0	28.61419
00091	candidate_pool	0.0	0.15055	0.30829	0.00511	-0.0005	0.04794	0.2	-0.05744	0.04031	1.90303	-1.95479	0.69875	1.46541	-1.23156	0.32973	1.95479	drift	599.0	29.79388
00092	candidate_pool	0.0	0.09236	0.04845	-0.00205	-5e-05				0.01527	-0.45523	-0.2145				-1.41391	1.41391	hf_noise	556.0	11.5289
00094	candidate_pool	0.0	0.29972	0.22385	-0.00053	0.00019		0.1	-0.05116	0.03189	0.04669	0.72455		0.0	-0.9964	-0.25676	0.9964	gain_dev	540.0	18.13279
00095	candidate_pool	0.0	0.3108	0.40625	-0.00678	-0.00029	0.08581	0.1	-0.04072	0.04047	-2.01149	-1.14547	1.9185	0.0	-0.60582	0.34027	2.01149	bias	600.0	22.65693
00096	candidate_pool	0.01486	0.0984	0.26761	0.00127	0.00028	-0.02206	0.1	0.03446	0.01917	0.63808	1.07084	-1.55549	0.0	2.20863	-1.14232	2.20863	gain_dev	464.0	11.80686
00097	candidate_pool	0.0	0.14588	0.13061	-0.00103	0.00024				0.02385	-0.11994	0.90212				-0.8165	0.90212	drift	546.0	20.7897
00098	candidate_pool	0.0	0.20781	0.45878	0.00247	-0.00014	-0.00557	0.1	0.00323	0.04145	1.03525	-0.56897	-1.02435	0.0	1.0395	0.40892	1.0395	gain_dev	585.0	16.48692
00099	response_candidate	0.0	0.4509	0.17077	-0.00647	-0.00073		0.1	-0.31744	0.07737	-1.90924	-2.86231		0.0	-10.96417	2.91006	10.96417	gain_dev	600.0	27.70751
00100	candidate_pool	0.0	0.18196	0.33164	-0.00493	-0.00034		0.0	-0.12238	0.04551	-1.40232	-1.32253		-1.46541	-3.66231	0.69159	3.66231	gain_dev	599.0	32.93367
00101	candidate_pool	0.0	0.20611	0.6432	-0.0046	-0.0002	0.02197	0.1	-0.01147	0.02816	-1.29266	-0.79145	-0.13765	0.0	0.48925	-0.51655	1.29266	bias	565.0	17.53968
00102	candidate_pool	0.0	0.04389	0.03921	-0.00122	7e-05				0.00939	-0.1826	0.27631				-1.82383	1.82383	hf_noise	554.0	13.33935
00103	response_candidate	0.0	0.28171	0.25579	-0.00571	-0.00043	0.17125	0.2	-0.1168	0.05218	-1.66009	-1.66968	4.67007	1.46541	-3.45355	1.15575	4.67007	asymmetry	600.0	34.8588
00104	candidate_pool	0.01672	0.13764	0.33328	-0.00432	0.00045	-0.0124	0.0	0.04688	0.02393	-1.20328	1.73541	-1.24433	-1.46541	2.67334	-0.81135	2.67334	gain_dev	588.0	21.08954
00105	candidate_pool	0.0	0.25062	0.45955	0.00039	-0.00023	0.05568	0.1	-0.01798	0.04101	0.34859	-0.90357	0.9483	0.0	0.24557	0.37851	0.9483	asymmetry	599.0	29.75309
00106	candidate_pool	0.0	0.23015	0.21176	0.00917	0.00028	-0.00331	0.1	-0.04707	0.03239	3.2397	1.08822	-0.95165	0.0	-0.84337	-0.22226	3.2397	bias	599.0	19.19082
00107	candidate_pool	0.0	0.14505	0.03734	-0.00115	-3e-05				0.015	-0.15734	-0.13842				-1.43296	1.43296	hf_noise	515.0	11.97131
00108	candidate_pool	0.03646	0.99904	1.43195	-0.003	0.00053	-0.02513	0.1	0.0075	0.06066	-0.76765	2.06196	-1.65444	0.0	1.19941	1.7465	2.06196	drift	555.0	17.63557
00109	candidate_pool	0.0	0.14233	0.95222	-0.0068	-0.00098	0.04718	0.0	-0.02343	0.03281	-2.01848	-3.80826	0.67429	-1.46541	0.04154	-0.19296	3.80826	drift	600.0	25.65443
00110	model_domain	0.29181	0.29771	0.48819	0.00168	0.0003	0.05508	0.1	-0.01933	0.04568									398.0	17.48784
00111	candidate_pool	0.0	0.11071	0.2209	-7e-05	-0.00012		0.1	-0.03102	0.0259	0.19848	-0.49559		0.0	-0.24245	-0.6743	0.6743	hf_noise	599.0	19.93574
00112	candidate_pool	0.0	0.24465	0.32767	-7e-05	-0.00027		0.1	-0.03538	0.04997	0.19647	-1.07777		0.0	-0.40563	1.00194	1.07777	drift	599.0	33.03851
00113	candidate_pool	0.0	0.19612	0.28442	0.0043	4e-05	0.0502	0.2	-0.04058	0.04688	1.63614	0.12967	0.77161	1.46541	-0.60051	0.7866	1.63614	bias	600.0	32.18586
00114	candidate_pool	0.0	0.13125	0.47182	0.00023	0.00015		0.1	0.01024	0.02441	0.29493	0.55451		0.0	1.30196	-0.778	1.30196	gain_dev	600.0	18.53661
00116	response_candidate	0.0	0.16106	0.1702	-0.00368	0.00029		0.2	-0.23817	0.03422	-0.99266	1.12495		1.46541	-7.99666	-0.09477	7.99666	gain_dev	600.0	32.94968
00117	candidate_pool	0.0	0.19106	0.59062	0.00035	6e-05	0.01939	0.1	-0.01502	0.04042	0.33474	0.23035	-0.22058	0.0	0.35635	0.33739	0.35635	gain_dev	600.0	18.83668
00118	candidate_pool	0.0	0.20103	0.07281	-0.0007	-4e-05				0.03833	-0.00832	-0.1752				0.19137	0.19137	hf_noise	599.0	21.55846
00119	candidate_pool	0.0	0.05013	0.02295	-0.00536	0.00015				0.00753	-1.54571	0.58086				-1.9532	1.9532	hf_noise	449.0	8.18986
00120	candidate_pool	0.07833	0.34556	0.47391	-0.00524	8e-05		0.0	-0.00693	0.03032	-1.50348	0.28203		-1.46541	0.65933	-0.36595	1.50348	bias	553.0	15.3889
00121	candidate_pool	0.0	0.20305	0.69744	0.00183	-0.00032	-0.01966	0.0	0.00061	0.0336	0.82454	-1.24899	-1.47833	-1.46541	0.94126	-0.13813	1.47833	asymmetry	599.0	29.97131
00122	candidate_pool	0.0	0.43456	0.48237	0.00041	-0.00014		0.1	-0.03912	0.04726	0.354	-0.54543		0.0	-0.54593	0.81353	0.81353	hf_noise	600.0	26.31686
00123	candidate_pool	0.0	0.19533	0.59871	0.00309	0.00033	0.0119	0.2	-0.01475	0.04556	1.23686	1.27548	-0.46193	1.46541	0.36642	0.69469	1.46541	lag	599.0	24.00742
00124	candidate_pool	0.0	0.24851	0.31312	-0.00188	3e-05		0.1	-0.0202	0.04197	-0.39734	0.11407		0.0	0.16232	0.44473	0.44473	hf_noise	600.0	30.41602
00125	candidate_pool	0.0	0.20486	0.56475	0.0053	-0.00012	0.00697	0.0	-0.01253	0.04011	1.96551	-0.48378	-0.62061	-1.46541	0.4497	0.31547	1.96551	bias	599.0	24.57094
00126	candidate_pool	0.0	0.14612	0.06744	0.00215	-9e-05				0.03065	0.92747	-0.37801				-0.3434	0.92747	bias	600.0	23.36958
00127	candidate_pool	0.0	0.16165	0.33711	-0.00498	0.00016	0.06019	0.1	-0.03438	0.03933	-1.41819	0.61603	1.09331	0.0	-0.36825	0.26127	1.41819	bias	599.0	31.8197
00128	candidate_pool	0.0	0.18629	0.08457	-0.00022	8e-05				0.02822	0.1479	0.30152				-0.51245	0.51245	hf_noise	600.0	21.17102
00129	candidate_pool	0.0	0.11892	0.41173	0.00139	2e-05	0.01155	0.1	-0.012	0.02625	0.67942	0.06157	-0.47298	0.0	0.46939	-0.64931	0.67942	bias	599.0	18.6537
00130	candidate_pool	0.0	0.16177	0.79818	-0.00472	-0.00033	0.05711	0.1	-0.02418	0.02874	-1.33387	-1.30656	0.99436	0.0	0.01355	-0.4762	1.33387	bias	599.0	23.08004
00131	candidate_pool	0.0	0.07182	0.35959	-0.00078	-0.0	-0.00422	0.1	0.01368	0.0175	-0.03585	-0.01269	-0.98111	0.0	1.43088	-1.25912	1.43088	gain_dev	600.0	17.16495
00132	candidate_pool	0.0	0.21658	0.24062	0.00262	-0.00021		0.2	-0.11621	0.04566	1.08266	-0.81501		1.46541	-3.43142	0.70187	3.43142	gain_dev	599.0	30.88985
00133	candidate_pool	0.0	0.31608	0.81438	0.00725	0.00023	0.12994	0.1	-0.02319	0.05594	2.60665	0.87801	3.33991	0.0	0.05044	1.41784	3.33991	asymmetry	600.0	24.36099
00134	response_candidate	0.0	0.34227	0.17383	-0.00383	0.00047		0.2	-0.17793	0.05826	-1.03919	1.81904		1.46541	-5.74185	1.5794	5.74185	gain_dev	600.0	30.40261
00135	candidate_pool	0.0	0.15365	0.14526	-0.00287	-0.00026				0.02583	-0.72312	-1.03988				-0.67859	1.03988	drift	600.0	25.3728
00136	candidate_pool	0.0	0.30815	0.84032	0.00109	0.00039	0.03159	0.1	-0.02111	0.04777	0.57804	1.51187	0.17219	0.0	0.12833	0.84919	1.51187	drift	599.0	26.45826
00137	candidate_pool	0.0	0.14569	0.04817	0.00215	4e-05				0.02372	0.92868	0.12949				-0.82578	0.92868	bias	599.0	30.84059
00138	candidate_pool	0.0	0.12095	0.21829	0.00474	-0.00035	0.01232	0.1	0.00011	0.02598	1.78107	-1.37785	-0.4483	0.0	0.92284	-0.66859	1.78107	bias	599.0	13.55904
00139	candidate_pool	0.0	0.17114	0.41235	-0.00339	-5e-05	0.05969	0.1	-0.04261	0.03419	-0.8955	-0.21642	1.07723	0.0	-0.67637	-0.09677	1.07723	asymmetry	599.0	17.2382
00140	candidate_pool	0.0	0.18038	0.20264	-0.00277	-1e-05		0.1	-0.05756	0.03693	-0.6928	-0.0477		0.0	-1.23608	0.09437	1.23608	gain_dev	600.0	21.5043
00141	candidate_pool	0.0	0.25755	0.75469	-0.00121	-0.00028	0.05272	0.1	-0.03345	0.03645	-0.17859	-1.10311	0.85284	0.0	-0.33349	0.06037	1.10311	drift	599.0	19.94185
00142	candidate_pool	0.0	0.24418	0.11715	-0.00024	-0.00052				0.03973	0.14158	-2.03207				0.2893	2.03207	drift	599.0	29.21652
00143	candidate_pool	0.0	0.28292	0.42653	0.00168	-0.00028		0.1	-0.0336	0.04527	0.77541	-1.09912		0.0	-0.33913	0.67468	1.09912	drift	599.0	26.44709
00145	candidate_pool	0.0	0.39654	1.04593	-0.0033	-0.00013	0.04403	0.1	-0.02081	0.06765	-0.86707	-0.52543	0.57311	0.0	0.13958	2.23306	2.23306	hf_noise	600.0	21.74428
00146	candidate_pool	0.0	0.17091	0.40631	-0.00245	0.00036		0.2	-0.04746	0.0359	-0.58634	1.39622		1.46541	-0.85801	0.02268	1.46541	lag	599.0	30.4209
00147	candidate_pool	0.0	0.12815	0.51457	-0.00043	4e-05	0.02185	0.2	-0.00654	0.03178	0.07952	0.13667	-0.14128	1.46541	0.67366	-0.26427	1.46541	lag	600.0	25.50182
00148	candidate_pool	0.0	0.19755	0.17588	-0.00241	0.00014		0.2	-0.11776	0.0417	-0.57256	0.53148		1.46541	-3.48963	0.42648	3.48963	gain_dev	599.0	30.32914
00149	candidate_pool	0.0	0.08686	0.32117	-0.00305	0.00015	0.01024	0.2	-0.01444	0.02417	-0.78403	0.55541	-0.51526	1.46541	0.37809	-0.7943	1.46541	lag	599.0	18.98804
00150	candidate_pool	0.0	0.14835	0.81987	-0.00835	-0.00025	0.02211	0.0	-0.01199	0.03324	-2.52902	-0.96975	-0.13293	-1.46541	0.46987	-0.16271	2.52902	bias	599.0	29.11184
00151	candidate_pool	0.0	0.09628	0.23317	0.00494	-8e-05	0.07113	0.1	-0.07336	0.02384	1.84662	-0.34271	1.44561	0.0	-1.82735	-0.81754	1.84662	bias	599.0	18.60315
00152	model_domain	0.19833	0.84073	0.56962	-0.00636	-0.00027	0.02791	0.0	-0.02908	0.06084									481.0	20.06592
00153	candidate_pool	0.0	0.16163	0.30401	-0.004	-0.00015		0.1	-0.06497	0.03077	-1.09553	-0.58501		0.0	-1.51353	-0.3349	1.51353	gain_dev	599.0	20.80149
00154	candidate_pool	0.09667	0.39946	0.38281	-0.00302	-0.00025	-0.01573	0.0	0.01347	0.03392	-0.77297	-0.9914	-1.35163	-1.46541	1.42266	-0.11571	1.46541	lag	542.0	17.39215
00155	candidate_pool	0.0	0.14066	0.58391	-0.00208	-0.00019	0.01284	0.1	-0.00566	0.02603	-0.46579	-0.73737	-0.43159	0.0	0.70666	-0.66513	0.73737	drift	600.0	17.83185
00156	candidate_pool	0.0	0.14824	0.12232	-0.00476	-7e-05				0.01835	-1.3462	-0.29595				-1.20006	1.3462	bias	599.0	19.24806
00157	candidate_pool	0.0	0.20482	0.39212	-0.00434	0.00015		0.0	-0.03317	0.05486	-1.20714	0.57705		-1.46541	-0.32287	1.34264	1.46541	lag	599.0	34.86946
00158	candidate_pool	0.0	0.23478	0.86513	-0.00484	0.00085	0.02283	0.0	-0.01796	0.04002	-1.3727	3.30143	-0.1097	-1.46541	0.24648	0.30898	3.30143	drift	599.0	26.23492
00159	candidate_pool	0.0	0.1953	0.05689	-0.00277	-0.00033				0.02193	-0.6917	-1.30535				-0.95031	1.30535	drift	477.0	13.92344
00160	candidate_pool	0.0	0.18474	0.35081	-0.00154	-0.00049		0.0	-0.03022	0.03393	-0.28766	-1.9228		-1.46541	-0.21268	-0.11514	1.9228	drift	599.0	26.42415
00161	candidate_pool	0.0	0.19581	0.36334	0.00284	-0.00023		0.2	-0.05783	0.04362	1.15492	-0.91337		1.46541	-1.24626	0.55966	1.46541	lag	599.0	31.41483
00163	candidate_pool	0.0	0.09082	0.27581	-0.00191	7e-05	0.02479	0.2	-0.02545	0.02496	-0.40786	0.252	-0.04671	1.46541	-0.03391	-0.73971	1.46541	lag	600.0	16.86102
00164	response_candidate	0.0	0.18848	0.15722	-0.00599	-0.00028		0.2	-0.29772	0.05327	-1.75201	-1.10118		1.46541	-10.22576	1.2318	10.22576	gain_dev	599.0	33.08274
00165	candidate_pool	0.0	0.38413	0.53703	-0.00538	9e-05	0.02554	0.1	-0.02273	0.05713	-1.54954	0.34883	-0.02256	0.0	0.06775	1.5009	1.54954	bias	600.0	29.13366
00166	candidate_pool	0.02833	0.19446	0.68035	0.00165	-0.00026	0.00542	0.1	-0.00049	0.03204	0.76371	-1.03101	-0.67038	0.0	0.90043	-0.24609	1.03101	drift	583.0	16.32076
00167	candidate_pool	0.0	0.052	0.07578	-0.00252	-0.00028				0.01398	-0.61003	-1.09385				-1.50382	1.50382	hf_noise	484.0	15.9675
00168	candidate_pool	0.0	0.12576	0.08763	0.00209	4e-05				0.02056	0.90888	0.14402				-1.04549	1.04549	hf_noise	599.0	20.78051
00169	candidate_pool	0.0	0.07222	0.03731	0.00111	5e-05				0.01637	0.58739	0.16676				-1.33759	1.33759	hf_noise	600.0	13.1138
00170	candidate_pool	0.0	0.2365	0.47709	0.00166	-0.00034	0.05479	0.2	-0.05528	0.03965	0.76834	-1.3458	0.91948	1.46541	-1.15057	0.2832	1.46541	lag	600.0	29.34174
00171	response_candidate	0.0	0.18752	0.22143	-0.00095	-0.0009		0.2	-0.15702	0.04284	-0.09138	-3.5308		1.46541	-4.9593	0.50536	4.9593	gain_dev	600.0	34.44417
00172	candidate_pool	0.01833	0.07415	0.06742	-0.00048	-0.00011				0.01745	0.06349	-0.42681				-1.26225	1.26225	hf_noise	589.0	14.87204
00173	candidate_pool	0.0	0.14438	0.47127	-0.00029	-7e-05	0.06171	0.1	-0.05941	0.03904	0.12459	-0.26711	1.14245	0.0	-1.30532	0.24082	1.30532	gain_dev	599.0	21.65355
00174	candidate_pool	0.0566	0.24239	0.30546	-0.00028	-1e-05	0.00432	0.1	0.00324	0.03002	0.12711	-0.04784	-0.70606	0.0	1.03981	-0.38693	1.03981	gain_dev	500.0	8.582
00175	candidate_pool	0.0	0.28233	0.14349	0.00147	-0.00013				0.0411	0.70619	-0.50594				0.38467	0.70619	bias	599.0	30.35146
00176	candidate_pool	0.04866	0.30741	1.85663	1e-05	-0.00015	0.06773	0.1	-0.01591	0.06852	0.22305	-0.6055	1.33626	0.0	0.32312	2.29374	2.29374	hf_noise	567.0	25.55279
00177	candidate_pool	0.0	0.27184	0.23661	0.00149	0.00034		0.2	-0.08071	0.05453	0.71262	1.31325		1.46541	-2.10245	1.31997	2.10245	gain_dev	599.0	29.7796
00178	candidate_pool	0.0	0.17149	0.14343	0.00072	-1e-05				0.02823	0.45626	-0.04715				-0.51205	0.51205	hf_noise	600.0	19.46593
00179	candidate_pool	0.0	0.30787	0.67963	0.00297	-0.00016	0.02632	0.1	-0.00271	0.05281	1.19705	-0.63665	0.00258	0.0	0.81712	1.20005	1.20005	hf_noise	600.0	34.85677
00180	candidate_pool	0.0	0.08328	0.03663	-0.0009	-3e-05				0.01479	-0.07618	-0.14682				-1.44758	1.44758	hf_noise	565.0	15.30935
00181	candidate_pool	0.0	0.06048	0.07291	-0.00308	0.0001				0.01183	-0.79241	0.37397				-1.6539	1.6539	hf_noise	368.0	7.25887
00182	candidate_pool	0.0	0.21669	0.10657	0.00148	0.00032				0.03433	0.70737	1.24581				-0.08683	1.24581	drift	600.0	24.66009
00183	candidate_pool	0.0	0.23191	0.83584	0.00435	0.00032	0.03612	0.1	-0.02137	0.04381	1.65421	1.22142	0.31836	0.0	0.11875	0.57321	1.65421	bias	599.0	28.11448
00184	candidate_pool	0.0	0.03249	0.01924	-0.00016	-2e-05				0.00841	0.16643	-0.07979				-1.8916	1.8916	hf_noise	600.0	9.70375
00185	candidate_pool	0.0	0.08969	0.06295	-0.00055	-4e-05				0.02382	0.04097	-0.15656				-0.81912	0.81912	hf_noise	599.0	24.29516
00186	candidate_pool	0.0	0.14448	0.05653	-0.00093	-5e-05				0.01517	-0.08478	-0.21922				-1.4211	1.4211	hf_noise	599.0	13.90913
00188	candidate_pool	0.0	0.23515	0.15063	-0.00336	0.00055		0.1	-0.05831	0.04091	-0.88498	2.10893		0.0	-1.26415	0.37123	2.10893	drift	599.0	30.4447
00189	candidate_pool	0.0	0.22053	0.63052	-4e-05	-0.00078	0.00796	0.1	-0.00909	0.04672	0.20733	-3.02955	-0.58876	0.0	0.57839	0.77613	3.02955	drift	600.0	25.95818
00191	candidate_pool	0.0	0.02305	0.06383	0.0021	0.00014				0.00499	0.91351	0.52152				-2.12996	2.12996	hf_noise	433.0	7.46738
00192	candidate_pool	0.08013	0.27802	0.98317	0.00168	-1e-05	0.00619	0.1	-0.00017	0.03746	0.77507	-0.04824	-0.64582	0.0	0.9123	0.13128	0.9123	gain_dev	551.0	14.76495
00193	candidate_pool	0.0	0.0884	0.20464	0.0017	0.0	0.0038	0.0	-0.02399	0.0172	0.7811	-0.00519	-0.72266	-1.46541	0.02055	-1.28012	1.46541	lag	599.0	16.52881
00194	candidate_pool	0.0	0.17799	0.15884	0.00141	0.00014		0.2	-0.03373	0.03564	0.68333	0.52815		1.46541	-0.344	0.00392	1.46541	lag	600.0	29.09107
00195	candidate_pool	0.0	0.04353	0.16098	-0.00669	-2e-05	0.01975	0.1	-0.01886	0.01416	-1.98142	-0.10819	-0.209	0.0	0.21257	-1.49133	1.98142	bias	399.0	14.92686
00196	candidate_pool	0.0	0.17765	0.3349	0.00315	-4e-05	-0.00416	0.1	-0.01719	0.03411	1.25861	-0.16665	-0.97898	0.0	0.2753	-0.10214	1.25861	bias	599.0	23.69764
00197	candidate_pool	0.0	0.07712	0.03602	-0.00112	-0.00017				0.01567	-0.1467	-0.67709				-1.38659	1.38659	hf_noise	567.0	14.46043
00198	candidate_pool	0.06509	0.13769	0.77559	0.00063	-0.00054	-0.00947	0.1	0.00717	0.03467	0.42749	-2.10213	-1.15011	0.0	1.18702	-0.06351	2.10213	drift	316.0	9.86546
00199	candidate_pool	0.0	0.20755	0.44679	-0.00546	-0.00031	0.05305	0.1	-0.05411	0.04116	-1.57807	-1.23732	0.86348	0.0	-1.10689	0.38891	1.57807	bias	599.0	29.15015
00200	candidate_pool	0.0	0.16647	0.10672	0.00237	0.0001				0.0373	0.99962	0.36315				0.11968	0.99962	bias	600.0	25.53999
00201	candidate_pool	0.0	0.10352	0.06898	-0.00039	0.0002				0.0285	0.093	0.76447				-0.49293	0.76447	drift	600.0	31.82341
00202	candidate_pool	0.0	0.06534	0.02816	-3e-05	2e-05				0.00881	0.2113	0.07146				-1.86425	1.86425	hf_noise	577.0	9.02253
00203	candidate_pool	0.0	0.08532	0.13975	0.00097	2e-05				0.01271	0.53851	0.04801				-1.59215	1.59215	hf_noise	502.0	9.88701
00204	candidate_pool	0.0	0.10072	0.05835	-0.00015	7e-05				0.0253	0.17121	0.25168				-0.7155	0.7155	hf_noise	599.0	23.34178
00205	candidate_pool	0.0	0.19351	0.49341	-0.00033	-1e-05	0.01345	0.2	-0.01592	0.03517	0.11171	-0.04189	-0.4119	1.46541	0.32259	-0.0284	1.46541	lag	599.0	23.91214
00206	candidate_pool	0.0	0.23839	0.12823	0.00094	0.00014				0.02217	0.53177	0.53439				-0.93368	0.93368	hf_noise	600.0	13.13879
00207	candidate_pool	0.0	0.07865	0.09159	-0.00216	0.00018				0.02121	-0.49074	0.69509				-1.00039	1.00039	hf_noise	599.0	26.40527
00208	candidate_pool	0.0	0.57584	0.83445	-0.00533	-0.00063	0.06783	0.1	-0.03565	0.07765	-1.53551	-2.47169	1.33955	0.0	-0.41578	2.9298	2.9298	hf_noise	600.0	24.41729
00209	response_candidate	0.0	0.23747	0.31801	-0.00119	-0.00018	0.16117	0.2	-0.15423	0.05586	-0.1712	-0.70202	4.34542	1.46541	-4.85464	1.41225	4.85464	gain_dev	599.0	32.98255
00210	candidate_pool	0.0	0.30338	0.5665	-0.00372	0.00051	0.09082	0.2	-0.06214	0.05648	-1.00517	1.96933	2.08	1.46541	-1.40731	1.45554	2.08	asymmetry	600.0	25.51291
00211	response_candidate	0.0	0.21501	0.96211	-0.00305	0.00122	0.1416	0.1	-0.03699	0.03711	-0.78528	4.73583	3.71536	0.0	-0.46619	0.1065	4.73583	drift	599.0	24.72114
00212	candidate_pool	0.0	0.18707	0.2287	-0.00122	-0.00013		0.1	-0.04224	0.03399	-0.18276	-0.50256		0.0	-0.66255	-0.11061	0.66255	gain_dev	599.0	33.32731
00213	candidate_pool	0.0	0.13546	0.19684	-0.00023	-0.00039		0.2	-0.06742	0.03253	0.14544	-1.53751		1.46541	-1.60514	-0.21229	1.60514	gain_dev	600.0	30.04159
00215	candidate_pool	0.0	0.08341	0.10121	0.00183	2e-05				0.01831	0.82173	0.05475				-1.20223	1.20223	hf_noise	599.0	27.76773
00216	candidate_pool	0.0	0.24752	0.36306	-0.00105	8e-05		0.2	-0.04432	0.04897	-0.12574	0.3166		1.46541	-0.74033	0.93221	1.46541	lag	600.0	29.48423
00217	candidate_pool	0.0	0.77547	0.675	-0.00749	-0.00042	0.0286	0.1	-0.02206	0.07527	-2.24572	-1.62856	0.07606	0.0	0.09272	2.76391	2.76391	hf_noise	600.0	21.55352
00218	response_candidate	0.0	0.15771	0.16215	-0.00221	5e-05		0.2	-0.19102	0.04072	-0.50572	0.1989		1.46541	-6.23193	0.35777	6.23193	gain_dev	599.0	30.0725
00219	candidate_pool	0.0	0.07941	0.55958	-0.00153	-0.00026	-0.01412	0.0	0.01125	0.01428	-0.28429	-1.04004	-1.29981	-1.46541	1.33964	-1.48324	1.48324	hf_noise	600.0	9.62215
00220	candidate_pool	0.0	0.23023	0.25936	-0.00121	-0.00014		0.2	-0.11572	0.0556	-0.17819	-0.54175		1.46541	-3.41331	1.39442	3.41331	gain_dev	600.0	34.40772
00222	candidate_pool	0.0	0.15183	0.50218	-0.00175	-0.00067	0.06957	0.1	-0.03966	0.04409	-0.35569	-2.60447	1.39566	0.0	-0.56615	0.59248	2.60447	drift	599.0	32.11462
00223	candidate_pool	0.0	0.11747	0.74353	-0.00155	-0.0002	0.05138	0.2	-0.03335	0.02702	-0.28923	-0.79421	0.80959	1.46541	-0.32982	-0.59597	1.46541	lag	600.0	23.95263
00225	candidate_pool	0.0	0.26505	0.64968	0.00064	0.00055	0.04847	0.0	-0.02584	0.04772	0.43229	2.13453	0.71595	-1.46541	-0.04869	0.84536	2.13453	drift	599.0	34.87729
00227	candidate_pool	0.0	0.2425	0.58086	0.00293	0.00016	0.00454	0.1	-0.00734	0.03927	1.18624	0.62458	-0.69893	0.0	0.6439	0.25716	1.18624	bias	600.0	26.40611
00228	candidate_pool	0.0	0.37977	0.68603	-0.01057	-3e-05	0.05252	0.1	-0.02613	0.052	-3.25941	-0.11744	0.84632	0.0	-0.05954	1.14376	3.25941	bias	599.0	19.06173
00229	candidate_pool	0.0	0.06347	0.08437	-0.00354	0.00017				0.00941	-0.94442	0.65742				-1.82202	1.82202	hf_noise	400.0	12.21508
00230	candidate_pool	0.0	0.1159	0.08834	0.00035	0.00012				0.02402	0.33425	0.47224				-0.80519	0.80519	hf_noise	600.0	24.22838
00231	candidate_pool	0.0	0.36615	0.90937	-0.00745	0.00021	0.03839	0.1	-0.01649	0.05192	-2.23153	0.81472	0.39134	0.0	0.30144	1.13793	2.23153	bias	599.0	30.06847
00232	model_domain	0.10421	1.26915	0.22251	0.00118	0.00036	0.10818	0.1	-0.11478	0.092									447.0	20.58356
00233	candidate_pool	0.0	0.73392	0.469	-0.00745	0.00045	0.05119	0.1	-0.03412	0.06687	-2.23321	1.7239	0.80357	0.0	-0.3586	2.17927	2.23321	bias	599.0	21.43957
00234	model_domain	0.12634	0.36998	0.2486	0.00423	0.00056	-0.01168	0.0	0.06931	0.0254									325.0	7.68822
00235	candidate_pool	0.0	0.22605	0.20169	0.00333	-0.00019		0.2	-0.08953	0.03932	1.31745	-0.76131		1.46541	-2.43277	0.26042	2.43277	gain_dev	599.0	33.07928
00236	model_domain	0.17391	0.4199	0.91348	-0.00674	-0.00065	0.05208	0.1	-0.03397	0.05103									418.0	14.93525
00237	candidate_pool	0.0	0.2098	0.15219	0.00035	0.00023	0.00062	0.0	-0.0181	0.02083	0.33733	0.89223	-0.82519	-1.46541	0.24107	-1.02672	1.46541	lag	439.0	8.70541
00238	candidate_pool	0.0	0.16261	0.19976	-0.00047	0.00017		0.2	-0.06705	0.03397	0.06491	0.64825		1.46541	-1.5911	-0.11172	1.5911	gain_dev	599.0	27.13265
00239	candidate_pool	0.08	1.16736	0.72791	-0.00662	0.00016	0.04493	0.1	-0.02598	0.06848	-1.95987	0.61639	0.60196	0.0	-0.05377	2.29106	2.29106	hf_noise	552.0	22.38907
00240	candidate_pool	0.0	0.18197	0.52443	0.00326	-0.00012		0.1	0.0163	0.0345	1.29259	-0.49106		0.0	1.52875	-0.0751	1.52875	gain_dev	600.0	17.6809
00241	candidate_pool	0.0	0.13569	0.59154	0.0009	-6e-05	-0.00859	0.0	0.00093	0.03006	0.5184	-0.2462	-1.1217	-1.46541	0.95339	-0.38437	1.46541	lag	599.0	21.50647
00242	response_candidate	0.0	0.14805	0.16639	0.00034	-0.00016		0.2	-0.13212	0.03432	0.33414	-0.63763		1.46541	-4.02687	-0.08774	4.02687	gain_dev	599.0	29.78922
00243	candidate_pool	0.0	0.1132	0.38128	-0.00318	3e-05		0.1	-0.04924	0.02909	-0.82608	0.08742		0.0	-0.92467	-0.45185	0.92467	gain_dev	600.0	26.9128
00244	candidate_pool	0.0	0.15168	0.02738	0.00038	0.00016				0.0168	0.34659	0.6042				-1.30777	1.30777	hf_noise	408.0	9.46834
00245	candidate_pool	0.0	0.10003	0.0631	-0.00109	-0.0001				0.02858	-0.13892	-0.4005				-0.48723	0.48723	hf_noise	599.0	31.88701
00246	candidate_pool	0.0	0.45025	0.71892	-0.01061	-0.00072	0.12926	0.0	-0.041	0.05401	-3.27469	-2.80735	3.31792	-1.46541	-0.61618	1.28358	3.31792	asymmetry	599.0	31.8465
00247	candidate_pool	0.0	0.26554	0.41183	0.00057	-8e-05	0.02124	0.2	-0.02947	0.0408	0.40856	-0.31352	-0.16088	1.46541	-0.18443	0.36388	1.46541	lag	599.0	21.64852
00248	candidate_pool	0.0	0.45914	0.79133	0.00364	-0.00101	0.00888	0.1	-0.0087	0.05249	1.4181	-3.93296	-0.55903	0.0	0.59299	1.17784	3.93296	drift	600.0	28.16537
00249	candidate_pool	0.0	0.09904	0.0757	0.00176	-0.00011				0.02012	0.80179	-0.45734				-1.07641	1.07641	hf_noise	600.0	22.55356
00250	candidate_pool	0.0	0.12082	0.41905	3e-05	6e-05	0.02019	0.1	-0.01522	0.02708	0.23123	0.23569	-0.19493	0.0	0.3487	-0.59157	0.59157	hf_noise	595.0	17.13227
00251	candidate_pool	0.0	0.1277	0.50137	-0.00423	-0.00029	0.08657	0.1	-0.04807	0.03232	-1.17128	-1.13418	1.94297	0.0	-0.88084	-0.22692	1.94297	asymmetry	599.0	27.66483
00252	candidate_pool	0.0	0.17806	0.52763	0.00429	0.00031	0.01815	0.0	-0.01749	0.035	1.63432	1.19067	-0.26039	-1.46541	0.26404	-0.04036	1.63432	bias	600.0	21.21011
00253	candidate_pool	0.0	0.12786	0.26092	0.00359	-0.00015		0.2	-0.03296	0.03156	1.40316	-0.57875		1.46541	-0.3151	-0.28021	1.46541	lag	599.0	30.21631
00254	candidate_pool	0.02	0.2709	0.96854	-0.00904	-0.00025	0.04874	0.1	-0.00851	0.04799	-2.75557	-0.98276	0.72481	0.0	0.6001	0.86447	2.75557	bias	588.0	17.98972
00255	candidate_pool	0.0	0.10442	0.63822	-0.00494	0.00052	-0.00987	0.0	0.0004	0.02276	-1.40567	2.01612	-1.16284	-1.46541	0.93345	-0.89253	2.01612	drift	600.0	19.52173
00256	candidate_pool	0.0	0.3796	0.27918	0.00176	0.0004	0.05906	0.2	-0.07931	0.04846	0.79852	1.53346	1.05688	1.46541	-2.05003	0.89701	2.05003	gain_dev	599.0	25.88251
00257	candidate_pool	0.0	0.05612	0.20884	-0.00306	-0.00019	0.02404	0.1	-0.04157	0.01389	-0.78648	-0.76278	-0.07094	0.0	-0.63753	-1.5101	1.5101	hf_noise	492.0	18.77792
00258	candidate_pool	0.0	0.24379	1.10393	-0.0013	0.00067	0.01978	0.0	-0.00682	0.04243	-0.20869	2.59081	-0.2079	-1.46541	0.66349	0.47713	2.59081	drift	599.0	29.97505
00259	candidate_pool	0.0	0.33673	0.62177	0.00485	2e-05	0.01978	0.1	-0.01959	0.05456	1.81836	0.08159	-0.20794	0.0	0.18547	1.32175	1.81836	bias	599.0	23.13054
00260	candidate_pool	0.05843	0.91294	0.4443	-0.00616	0.00047	0.05616	0.0	0.01619	0.06414	-1.80686	1.81751	0.96348	-1.46541	1.52447	1.98865	1.98865	hf_noise	564.0	14.69988
00261	candidate_pool	0.0	0.23155	1.06164	0.00542	0.00012	0.00396	0.1	-0.00536	0.04072	2.0043	0.46247	-0.71761	0.0	0.718	0.3583	2.0043	bias	599.0	26.7133
00262	candidate_pool	0.0	0.16463	0.09316	0.00442	-0.00025				0.04382	1.67667	-0.98292				0.57361	1.67667	bias	599.0	34.25224
00263	candidate_pool	0.06845	0.39028	1.01621	0.00465	0.00059	0.02064	0.0	-0.00769	0.03519	1.75121	2.26728	-0.18032	-1.46541	0.63088	-0.02712	2.26728	drift	558.0	15.30398
00264	candidate_pool	0.0	0.3211	0.77933	-0.00542	0.00016	0.02256	0.1	-0.01948	0.04335	-1.56406	0.59032	-0.11835	0.0	0.18942	0.54128	1.56406	bias	600.0	24.12978
00265	candidate_pool	0.0	0.19618	0.41814	-0.00484	8e-05	0.01825	0.1	-0.03397	0.03665	-1.37351	0.28362	-0.25738	0.0	-0.35296	0.07433	1.37351	bias	599.0	19.69812
00266	candidate_pool	0.0	0.24696	0.34605	-0.00603	0.00011	0.02973	0.1	-0.0263	0.04576	-1.76507	0.42946	0.11234	0.0	-0.06572	0.70873	1.76507	bias	600.0	16.51225
00268	candidate_pool	0.0	0.29394	0.74224	-0.0073	0.00058	0.01225	0.1	-0.01456	0.05301	-2.18214	2.23282	-0.45057	0.0	0.3736	1.21402	2.23282	drift	599.0	26.47566
00269	candidate_pool	0.0	0.06304	0.07624	-0.00394	0.00021				0.01089	-1.07845	0.81567				-1.71952	1.71952	hf_noise	568.0	11.10634
00270	candidate_pool	0.0	0.09019	0.19438	-0.00025	0.00037	0.05079	0.2	-0.08614	0.02733	0.13837	1.42018	0.79069	1.46541	-2.30601	-0.57414	2.30601	gain_dev	600.0	25.80912
00271	candidate_pool	0.0	0.21433	0.4966	0.00244	0.00031	0.00588	0.1	-0.01735	0.03866	1.02331	1.21205	-0.65564	0.0	0.26898	0.2147	1.21205	drift	600.0	18.34039
00272	candidate_pool	0.07171	0.34209	1.00688	0.0094	-0.00073	0.00161	0.1	-0.00589	0.05155	3.31482	-2.86997	-0.79327	0.0	0.69798	1.11198	3.31482	bias	466.0	22.83099
00273	response_candidate	0.0	0.6727	0.55427	-0.01505	-0.00012	0.09804	0.0	-0.02962	0.09975	-4.73405	-0.4811	2.31252	-1.46541	-0.19018	4.46857	4.73405	bias	600.0	26.59527
00274	candidate_pool	0.0	0.05198	0.05	0.00091	4e-05				0.00807	0.51993	0.13383				-1.91526	1.91526	hf_noise	558.0	14.01853
00275	candidate_pool	0.0	0.0865	0.07247	1e-05	3e-05				0.01992	0.22278	0.10589				-1.09074	1.09074	hf_noise	363.0	10.42703
00276	candidate_pool	0.0	0.21318	0.35202	-0.00609	0.00037	0.08862	0.1	-0.07034	0.04578	-1.78434	1.40693	2.00917	0.0	-1.7144	0.7103	2.00917	asymmetry	600.0	30.72869
00277	response_candidate	0.0	0.23642	0.22823	-0.00151	-0.00022	0.12526	0.2	-0.15249	0.045	-0.27544	-0.88659	3.18903	1.46541	-4.7894	0.65587	4.7894	gain_dev	599.0	24.661
00278	candidate_pool	0.0	0.15972	0.43975	-0.00209	0.0007	0.02817	0.1	-0.02566	0.04577	-0.46632	2.71404	0.06222	0.0	-0.04208	0.70934	2.71404	drift	600.0	30.81223
00279	response_candidate	0.0	0.2355	0.89304	0.00593	-0.00117	0.03147	0.0	-0.02475	0.05316	2.17187	-4.55737	0.16847	-1.46541	-0.0077	1.22412	4.55737	drift	600.0	31.46845
00280	candidate_pool	0.0	0.2196	0.84429	0.00073	0.00033	0.01072	0.2	-0.00641	0.05004	0.45965	1.27669	-0.49976	1.46541	0.67849	1.00721	1.46541	lag	599.0	27.46632
00281	candidate_pool	0.0	0.18884	1.05852	0.00626	0.0005	0.06146	0.1	-0.0196	0.03476	2.28279	1.93501	1.13441	0.0	0.18482	-0.05695	2.28279	bias	599.0	22.87431
00282	candidate_pool	0.0	0.12675	0.1966	-0.00207	-1e-05		0.2	-0.10285	0.03352	-0.46118	-0.05451		1.46541	-2.9315	-0.14369	2.9315	gain_dev	599.0	31.0343
00283	candidate_pool	0.0	0.18128	0.25793	0.00267	0.00013	0.09002	0.1	-0.07723	0.04164	1.09869	0.49561	2.05411	0.0	-1.97238	0.42185	2.05411	asymmetry	599.0	24.97185
00284	candidate_pool	0.0	0.2472	0.59963	-0.00122	-0.00051	0.14014	0.0	-0.01995	0.0334	-0.18169	-1.98298	3.66816	-1.46541	0.17187	-0.1514	3.66816	asymmetry	599.0	26.08896
00285	candidate_pool	0.0	0.13051	0.30177	-0.0075	-0.00025		0.1	-0.01487	0.02548	-2.24975	-1.00127		0.0	0.36193	-0.70344	2.24975	bias	599.0	21.93542
00286	candidate_pool	0.0	0.32731	0.13226	0.00322	0.00033				0.04287	1.27946	1.28643				0.50737	1.28643	drift	599.0	26.22287
00287	candidate_pool	0.0	0.0747	0.13579	-0.00073	1e-05				0.01516	-0.01889	0.03776				-1.42152	1.42152	hf_noise	599.0	14.9699
00288	candidate_pool	0.0	0.06043	0.18599	-0.00152	0.00017	0.00013	0.1	0.00332	0.01463	-0.28009	0.63799	-0.84092	0.0	1.04299	-1.45843	1.45843	hf_noise	461.0	9.73522
00289	candidate_pool	0.0	0.27784	1.33183	-0.00234	-0.00032	0.01406	0.1	-0.00838	0.05304	-0.54957	-1.24143	-0.39229	0.0	0.60479	1.21591	1.24143	drift	600.0	26.4457
00290	candidate_pool	0.0	0.14583	0.44817	0.0045	-0.00034		0.1	-0.02103	0.02569	1.70102	-1.34378		0.0	0.13141	-0.68877	1.70102	bias	600.0	23.63843
00291	candidate_pool	0.0	0.14329	0.32942	-0.00282	5e-05	0.0217	0.1	-0.02916	0.02988	-0.707	0.1919	-0.14622	0.0	-0.173	-0.39684	0.707	bias	600.0	20.93589
00292	candidate_pool	0.0	0.09735	0.06897	0.00283	2e-05				0.02262	1.1511	0.05874				-0.90214	1.1511	bias	599.0	26.87325
00293	candidate_pool	0.0	0.09878	0.26736	0.00258	2e-05	0.01853	0.1	-0.01451	0.02611	1.06954	0.07134	-0.24815	0.0	0.37541	-0.65964	1.06954	bias	599.0	22.05687
00294	candidate_pool	0.0	0.29926	1.19857	0.00598	0.00017	0.05658	0.0	-0.01796	0.04488	2.19043	0.63982	0.97703	-1.46541	0.24618	0.64756	2.19043	bias	600.0	25.79212
00295	candidate_pool	0.0	0.2018	0.3841	-0.00436	0.00024	0.02423	0.0	-0.00182	0.03579	-1.21605	0.92545	-0.06485	-1.46541	0.85066	0.0144	1.46541	lag	600.0	20.35711
00296	candidate_pool	0.0	0.25523	1.02615	-3e-05	5e-05	0.06504	0.1	-0.03334	0.04962	0.21016	0.17264	1.2495	0.0	-0.32929	0.97796	1.2495	asymmetry	600.0	30.07073
00297	candidate_pool	0.0	0.05271	0.04156	-0.0027	-4e-05				0.01178	-0.66844	-0.16127				-1.65735	1.65735	hf_noise	387.0	7.42886
00299	candidate_pool	0.0	0.31965	0.26418	-0.00025	-5e-05		0.2	-0.07643	0.04601	0.13787	-0.20665		1.46541	-1.9425	0.72602	1.9425	gain_dev	600.0	33.42971
00300	candidate_pool	0.0	0.06602	0.04723	-0.00055	-0.0001				0.01223	0.03807	-0.39388				-1.62563	1.62563	hf_noise	512.0	19.71162
00301	candidate_pool	0.0	0.13997	0.28968	-0.00209	-0.00046		0.2	-0.02293	0.03251	-0.46722	-1.80553		1.46541	0.06044	-0.21355	1.80553	drift	599.0	28.1084
00302	candidate_pool	0.0	0.22254	0.68205	0.0003	0.00103	0.05101	0.0	-0.03212	0.05291	0.31782	3.97817	0.79789	-1.46541	-0.2838	1.20693	3.97817	drift	600.0	28.4953
00303	candidate_pool	0.0	0.10926	0.55474	0.00451	-0.00019	0.04062	0.0	-0.01813	0.02992	1.70482	-0.7658	0.46329	-1.46541	0.23986	-0.39417	1.70482	bias	600.0	30.83911
00304	candidate_pool	0.0	0.14528	0.26734	-0.00206	0.00048	0.03448	0.2	-0.05897	0.02723	-0.45736	1.84336	0.2655	1.46541	-1.28873	-0.5814	1.84336	drift	490.0	17.88842
00305	candidate_pool	0.0	0.14246	0.17946	-0.00227	0.00014		0.2	-0.05671	0.03791	-0.52658	0.54271		1.46541	-1.20408	0.16212	1.46541	lag	599.0	27.16876
00306	candidate_pool	0.0	0.04935	0.0448	-0.00193	-0.00017				0.00976	-0.41403	-0.66704				-1.79765	1.79765	hf_noise	600.0	15.41762
00307	candidate_pool	0.0	0.22257	0.98559	0.00306	0.00032	0.04457	0.1	-0.02169	0.05423	1.22981	1.24949	0.5903	0.0	0.10667	1.29872	1.29872	hf_noise	600.0	31.0082
00308	candidate_pool	0.0	0.39104	1.05763	0.00225	-0.00068	0.08308	0.1	-0.00707	0.061	0.96148	-2.65701	1.8305	0.0	0.65382	1.77004	2.65701	drift	599.0	26.39774
00309	candidate_pool	0.0	0.20105	0.58708	0.0024	5e-05	0.00397	0.1	-0.0084	0.03423	1.01211	0.18099	-0.71705	0.0	0.60424	-0.09426	1.01211	bias	600.0	21.99826
00310	candidate_pool	0.0	0.20102	0.14861	4e-05	-0.0003				0.0435	0.23238	-1.17531				0.55138	1.17531	drift	599.0	25.16437
00311	candidate_pool	0.0	0.2798	0.31208	-0.01073	-0.00078	0.11277	0.1	-0.11494	0.04857	-3.31338	-3.06286	2.78673	0.0	-3.38396	0.90465	3.38396	gain_dev	600.0	30.55601
00312	candidate_pool	0.0	0.18719	0.42863	-0.00693	-0.00028	0.06123	0.1	-0.04507	0.04279	-2.06103	-1.09412	1.12682	0.0	-0.76848	0.50236	2.06103	bias	600.0	24.46733
00313	candidate_pool	0.0	0.23105	0.2861	-0.00501	4e-05	0.07198	0.2	-0.11869	0.04694	-1.42936	0.15904	1.47306	1.46541	-3.52441	0.79093	3.52441	gain_dev	599.0	22.85637
00314	response_candidate	0.0	0.2711	0.2217	0.00831	-0.00025	0.13837	0.1	-0.19203	0.04806	2.95796	-0.98245	3.61112	0.0	-6.26972	0.86917	6.26972	gain_dev	600.0	24.36041
00315	model_domain	0.26333	0.38679	0.77466	-0.00048	0.001	-0.02312	0.1	0.00901	0.05376									442.0	16.40307
00316	candidate_pool	0.0	0.1842	0.17462	5e-05	9e-05	0.04133	0.2	-0.1022	0.02584	0.23601	0.34785	0.48596	1.46541	-2.90708	-0.67791	2.90708	gain_dev	600.0	17.82862
00317	candidate_pool	0.0	0.1685	0.47518	0.00087	0.00044	0.01082	0.1	-0.00591	0.0277	0.50756	1.6972	-0.49664	0.0	0.69756	-0.54894	1.6972	drift	503.0	18.54561
00318	candidate_pool	0.0	0.10424	0.08808	-0.00269	0.00012				0.02139	-0.66594	0.44741				-0.98825	0.98825	hf_noise	561.0	19.44226
00319	candidate_pool	0.0	0.08245	0.07306	-0.00068	-0.00021				0.01564	-0.00435	-0.81652				-1.3882	1.3882	hf_noise	600.0	17.70008
00320	candidate_pool	0.0	0.18189	0.40156	-0.00665	0.00026		0.2	-0.04081	0.03717	-1.97085	1.00873		1.46541	-0.6092	0.11046	1.97085	bias	599.0	30.41301
00321	candidate_pool	0.0	0.40195	0.80882	-0.01156	0.00015	0.02737	0.0	-0.01322	0.07761	-3.58708	0.56423	0.03644	-1.46541	0.4236	2.92648	3.58708	bias	600.0	30.2278
00322	candidate_pool	0.0	0.64141	1.34007	-0.00781	-0.00026	0.05445	0.0	-0.02064	0.06683	-2.35018	-1.01082	0.90868	-1.46541	0.14604	2.17587	2.35018	bias	600.0	26.13455
00323	candidate_pool	0.0	0.15391	0.42365	-0.0011	-0.00019		0.1	-0.0535	0.02561	-0.14333	-0.74875		0.0	-1.08408	-0.69451	1.08408	gain_dev	598.0	24.39352
00324	candidate_pool	0.0	0.20908	0.40249	-0.00048	0.00035		0.1	-0.01499	0.04236	0.06126	1.33073		0.0	0.35741	0.47233	1.33073	drift	599.0	25.31982
00325	candidate_pool	0.0	0.08199	0.13937	0.00278	-0.0001				0.01936	1.13462	-0.39825				-1.12906	1.13462	bias	599.0	15.62857
00326	candidate_pool	0.0	0.26813	0.40481	0.00652	-0.00042		0.1	-0.02125	0.04334	2.36647	-1.64319		0.0	0.12332	0.54023	2.36647	bias	600.0	23.33562
00327	candidate_pool	0.0	0.05773	0.14181	-0.00028	6e-05				0.01096	0.12871	0.23924				-1.71457	1.71457	hf_noise	600.0	9.72522
00330	candidate_pool	0.0	0.1887	0.48458	-0.00084	1e-05	0.03692	0.1	-0.0237	0.04386	-0.05496	0.03845	0.34408	0.0	0.03161	0.57693	0.57693	hf_noise	600.0	19.78419
00331	candidate_pool	0.0	0.25505	0.79912	0.00725	0.00055	0.03603	0.0	-0.0247	0.03825	2.60798	2.12659	0.3154	-1.46541	-0.006	0.18632	2.60798	bias	600.0	16.5304
00332	response_candidate	0.0	0.39253	2.3415	-0.01408	0.00093	0.05057	0.1	-0.0105	0.10638	-4.41609	3.60917	0.78365	0.0	0.52541	4.93001	4.93001	hf_noise	600.0	21.66966
00333	candidate_pool	0.0	0.2171	0.14425	-0.00208	-0.00043				0.04863	-0.46492	-1.68626				0.90848	1.68626	drift	599.0	31.47654
00334	candidate_pool	0.0	0.12515	0.12698	-0.00116	-0.0002				0.02616	-0.16026	-0.79507				-0.6557	0.79507	drift	599.0	24.5307
00335	candidate_pool	0.0	0.27455	1.31399	-0.00026	4e-05	0.07675	0.1	-0.0298	0.06022	0.13657	0.1384	1.62663	0.0	-0.19706	1.71617	1.71617	hf_noise	599.0	25.98145
00336	candidate_pool	0.0	0.24359	0.30653	0.0005	0.00053	0.13866	0.2	-0.09122	0.0569	0.38378	2.04217	3.62058	1.46541	-2.49596	1.48464	3.62058	asymmetry	600.0	30.23492
00337	response_candidate	0.0	0.41412	0.9285	0.00561	-0.00154	0.01987	0.0	-0.01868	0.07491	2.06804	-6.00089	-0.20515	-1.46541	0.21943	2.73893	6.00089	drift	600.0	29.34238
00338	candidate_pool	0.0866	0.45387	1.29399	0.01015	0.00061	0.02529	0.0	-0.00886	0.04937	3.56289	2.35564	-0.03059	-1.46541	0.58689	0.96045	3.56289	bias	443.0	15.4571
00340	response_candidate	0.0	0.23771	0.24216	-0.00136	-0.00015	0.19032	0.2	-0.0832	0.0412	-0.22619	-0.60786	5.28432	1.46541	-2.19567	0.39122	5.28432	asymmetry	599.0	28.84155
00341	candidate_pool	0.0	0.12702	0.30121	0.00183	0.0001	0.01319	0.1	-0.02367	0.03038	0.82463	0.37424	-0.42033	0.0	0.03246	-0.36199	0.82463	bias	599.0	20.97906
00342	candidate_pool	0.0	0.35124	0.63769	-0.00441	-0.00025	0.04353	0.2	-0.03556	0.07434	-1.23129	-0.9989	0.55672	1.46541	-0.41246	2.69904	2.69904	hf_noise	599.0	26.48855
00343	candidate_pool	0.0	0.18572	0.57313	-0.00171	0.00019	-0.00179	0.0	-0.00166	0.03151	-0.34267	0.74326	-0.90275	-1.46541	0.85643	-0.2835	1.46541	lag	599.0	21.68348
00344	candidate_pool	0.0	0.14588	0.59979	-0.00327	0.00038	-0.01491	0.1	0.01315	0.02757	-0.85735	1.47067	-1.32529	0.0	1.41097	-0.55767	1.47067	drift	600.0	17.95069
00345	candidate_pool	0.00835	0.19333	0.52117	-0.00245	0.00044	0.06057	0.0	-0.03443	0.03807	-0.58608	1.68355	1.10578	-1.46541	-0.37032	0.1738	1.68355	drift	594.0	23.74257
00346	response_candidate	0.0	0.31954	0.22041	0.00085	0.00013		0.2	-0.17438	0.0469	0.49955	0.49558		1.46541	-5.60896	0.78835	5.60896	gain_dev	599.0	23.32503
00347	candidate_pool	0.01715	0.21663	0.14145	-0.00145	0.00012				0.03433	-0.25749	0.44384				-0.08708	0.44384	drift	573.0	14.69052
00348	candidate_pool	0.0	0.17119	0.40334	0.00415	-0.00015	0.02435	0.2	-0.01018	0.02929	1.58778	-0.60782	-0.06098	1.46541	0.53751	-0.43803	1.58778	bias	577.0	16.52301
00349	candidate_pool	0.0	0.0253	0.02754	-0.00016	4e-05				0.00532	0.16712	0.15556				-2.10725	2.10725	hf_noise	444.0	8.24881
00350	candidate_pool	0.0	0.25299	0.25848	0.00336	5e-05		0.1	-0.03464	0.04697	1.32701	0.18832		0.0	-0.37798	0.79344	1.32701	bias	600.0	19.83826
00351	candidate_pool	0.0	0.25744	0.16178	-0.00213	0.00028		0.2	-0.07253	0.03383	-0.48196	1.07557		1.46541	-1.79645	-0.12146	1.79645	gain_dev	599.0	24.10987
00352	candidate_pool	0.0	0.25165	0.80809	0.00287	0.00073	0.02221	0.1	-0.02229	0.04919	1.16511	2.84532	-0.12962	0.0	0.08412	0.94766	2.84532	drift	599.0	26.64087
00353	candidate_pool	0.0	0.08088	0.04656	-0.00336	-0.00012				0.01372	-0.88456	-0.46705				-1.52223	1.52223	hf_noise	600.0	14.46
00354	candidate_pool	0.0	0.09644	0.21574	0.00157	-0.00011	0.00886	0.0	-0.00567	0.01166	0.73606	-0.45534	-0.55958	-1.46541	0.70637	-1.66554	1.66554	hf_noise	600.0	12.01842
00355	candidate_pool	0.0	0.12233	0.35105	0.00025	0.00012	-0.00153	0.1	0.00395	0.02474	0.30312	0.46783	-0.89439	0.0	1.06659	-0.75451	1.06659	gain_dev	599.0	15.4069
00356	candidate_pool	0.0	0.1534	1.1147	-0.00192	4e-05	-0.01977	0.0	0.00658	0.0317	-0.41066	0.13669	-1.48182	-1.46541	1.16511	-0.26984	1.48182	asymmetry	599.0	18.55397
00357	candidate_pool	0.0	0.17326	0.24715	-0.00488	0.00036		0.0	-0.04365	0.02568	-1.38686	1.38022		-1.46541	-0.71521	-0.68951	1.46541	lag	600.0	25.18325
00358	model_domain	0.18327	0.49163	0.5973	-0.00444	0.00049	-0.029	0.0	-0.00669	0.04469									459.0	15.00291
00359	candidate_pool	0.0	0.2218	0.4314	-0.00246	0.00027	0.09756	0.2	-0.06228	0.0522	-0.59026	1.04678	2.29683	1.46541	-1.41255	1.15752	2.29683	asymmetry	600.0	28.27562
00360	candidate_pool	0.0	0.19781	0.13844	-0.00095	-0.0001				0.03193	-0.09118	-0.3992				-0.25383	0.3992	drift	599.0	21.91907
00361	candidate_pool	0.0	0.31401	0.2671	0.00063	0.00016		0.2	-0.03895	0.03784	0.42649	0.60061		1.46541	-0.53949	0.1575	1.46541	lag	600.0	25.08638
00362	candidate_pool	0.0	0.06625	0.03496	0.00021	-1e-05				0.00935	0.28857	-0.07071				-1.82627	1.82627	hf_noise	541.0	10.13982
00363	response_candidate	0.0	0.45473	0.4324	-0.01128	0.0005	0.13811	0.1	-0.1682	0.06164	-3.49262	1.94964	3.60295	0.0	-5.37751	1.81496	5.37751	gain_dev	512.0	19.48164
00364	candidate_pool	0.0	0.02992	0.01941	-5e-05	-1e-05				0.00802	0.204	-0.05097				-1.919	1.919	hf_noise	599.0	9.24372
00365	candidate_pool	0.0	0.29668	0.29359	-0.00126	-8e-05	0.05454	0.2	-0.07159	0.05187	-0.19436	-0.31935	0.91155	1.46541	-1.76135	1.13447	1.76135	gain_dev	599.0	24.7558
00366	response_candidate	0.0	0.19353	0.2438	-0.00099	-0.0003		0.2	-0.13737	0.04395	-0.10535	-1.16378		1.46541	-4.22368	0.58269	4.22368	gain_dev	600.0	25.13912
00367	candidate_pool	0.0	0.03467	0.03732	-0.00117	-0.0001				0.0077	-0.16499	-0.40264				-1.94148	1.94148	hf_noise	600.0	8.75517
00369	candidate_pool	0.0	0.16032	0.716	0.00083	0.0003	0.06065	0.2	-0.03551	0.04408	0.49391	1.15806	1.10836	1.46541	-0.41056	0.59225	1.46541	lag	600.0	30.10621
00370	candidate_pool	0.0	0.11724	0.15854	-0.0016	-9e-05	0.01598	0.1	-0.05161	0.0216	-0.30727	-0.35451	-0.33054	0.0	-1.01347	-0.9735	1.01347	gain_dev	599.0	19.65665
00371	candidate_pool	0.0	0.2333	0.37308	-0.00044	0.00032		0.1	-0.04278	0.04728	0.07581	1.22912		0.0	-0.68279	0.81462	1.22912	drift	600.0	20.45535
00372	candidate_pool	0.0	0.41783	0.26332	-0.00294	0.00039	0.06423	0.1	-0.07861	0.06623	-0.74702	1.51937	1.22355	0.0	-2.02416	2.13447	2.13447	hf_noise	599.0	25.02518
00373	candidate_pool	0.0	0.25136	0.21536	-0.00464	0.00016		0.2	-0.10254	0.04835	-1.30636	0.61603		1.46541	-2.91989	0.8892	2.91989	gain_dev	600.0	30.1532
00374	candidate_pool	0.0	0.04679	0.06454	-0.00183	-0.0003				0.01001	-0.38051	-1.164				-1.78023	1.78023	hf_noise	313.0	6.76843
00375	response_candidate	0.0	0.1551	0.15107	-0.00036	-0.0001		0.2	-0.166	0.04338	0.10234	-0.41454		1.46541	-5.29527	0.54309	5.29527	gain_dev	600.0	34.85415
00376	candidate_pool	0.0	0.13035	0.42969	-1e-05	-9e-05		0.1	0.01551	0.02807	0.21801	-0.35595		0.0	1.4991	-0.52303	1.4991	gain_dev	600.0	26.2677
00377	candidate_pool	0.0	0.23092	0.56165	-0.00553	-0.00015	0.00877	0.1	-0.01341	0.04197	-1.60116	-0.59821	-0.56252	0.0	0.41675	0.44472	1.60116	bias	600.0	23.01213
00378	candidate_pool	0.0	0.29402	1.30339	0.00279	0.00085	-0.00381	0.1	0.00362	0.05958	1.13984	3.29218	-0.96791	0.0	1.05418	1.67164	3.29218	drift	599.0	21.87401
00380	candidate_pool	0.0	0.0957	0.40952	-0.00284	-8e-05	0.02055	0.1	-0.01393	0.02472	-0.71378	-0.32722	-0.18319	0.0	0.39731	-0.7564	0.7564	hf_noise	599.0	18.09519
00381	candidate_pool	0.0	0.04495	0.0497	0.0026	-2e-05				0.00719	1.07618	-0.0774				-1.977	1.977	hf_noise	587.0	8.61874
00382	candidate_pool	0.0	0.21817	0.07631	-0.0006	7e-05				0.03213	0.02224	0.27422				-0.24024	0.27422	drift	600.0	25.57127
00383	candidate_pool	0.0	0.12363	0.15503	-0.00052	-0.00054	0.03519	0.1	-0.11972	0.02457	0.04961	-2.10349	0.28812	0.0	-3.56277	-0.76693	3.56277	gain_dev	346.0	16.22362
00384	response_candidate	0.0	0.2782	1.02781	-0.01758	-0.00107	0.06403	0.0	-0.04222	0.04431	-5.56784	-4.16278	1.21696	-1.46541	-0.66181	0.60795	5.56784	bias	600.0	19.86796
00385	candidate_pool	0.0	0.25785	0.7797	0.00445	-6e-05	0.0098	0.0	-0.01028	0.04015	1.68663	-0.25747	-0.52944	-1.46541	0.53387	0.31814	1.68663	bias	599.0	25.49351
00386	candidate_pool	0.0	0.0735	0.03439	-0.00138	-1e-05				0.01391	-0.23476	-0.06207				-1.50856	1.50856	hf_noise	471.0	14.95347
00387	candidate_pool	0.0	0.16361	0.22423	0.00393	-1e-05		0.2	-0.04285	0.0396	1.51326	-0.05553		1.46541	-0.68529	0.27995	1.51326	bias	599.0	25.52825
00388	candidate_pool	0.0	0.23701	0.3567	0.0009	3e-05	0.00901	0.2	-0.00965	0.03776	0.51808	0.09937	-0.55473	1.46541	0.5575	0.15195	1.46541	lag	340.0	14.6858
00389	candidate_pool	0.0	0.21319	0.59433	-0.00282	0.00038	0.02642	0.2	-0.02703	0.04794	-0.70829	1.46656	0.00577	1.46541	-0.09325	0.86072	1.46656	drift	599.0	26.88617
00390	candidate_pool	0.0	0.18361	0.22691	0.00098	0.00011		0.2	-0.08669	0.03719	0.54436	0.42666		1.46541	-2.32633	0.11184	2.32633	gain_dev	599.0	29.19342
00391	model_domain	0.13167	0.68267	0.8882	-0.00378	-6e-05	0.01473	0.1	-0.00647	0.05794									521.0	20.96212
00392	candidate_pool	0.0	0.15283	0.29589	-0.00081	-0.00012	0.00206	0.1	0.00022	0.02614	-0.04523	-0.4662	-0.77863	0.0	0.92692	-0.65756	0.92692	gain_dev	599.0	11.86564
00394	candidate_pool	0.0	0.37454	1.8844	0.00152	-0.00011	0.08051	0.1	-0.0207	0.06111	0.72083	-0.43503	1.74797	0.0	0.14356	1.77788	1.77788	hf_noise	599.0	23.62145
00395	candidate_pool	0.0	0.17423	0.74657	0.00085	0.00084	0.02131	0.0	-0.01774	0.03831	0.49969	3.24616	-0.15878	-1.46541	0.25459	0.19022	3.24616	drift	599.0	28.80584
00396	candidate_pool	0.00501	0.16401	0.40225	-0.00629	-0.00019		0.0	-0.02474	0.02264	-1.85143	-0.74993		-1.46541	-0.0075	-0.90089	1.85143	bias	596.0	14.95683
00397	candidate_pool	0.0	0.06637	0.03146	0.00081	-0.0				0.00812	0.48791	-0.02409				-1.91201	1.91201	hf_noise	599.0	9.48375
00398	candidate_pool	0.0	0.04532	0.0928	4e-05	7e-05				0.00778	0.23308	0.24549				-1.93555	1.93555	hf_noise	411.0	8.11819
00399	candidate_pool	0.07346	0.48606	0.51709	-0.0052	-0.0	0.00706	0.1	-0.00299	0.04669	-1.49178	-0.02533	-0.61767	0.0	0.80656	0.77358	1.49178	bias	555.0	20.84748
00400	model_domain	0.16027	0.27695	0.74404	0.00055	0.00011	-0.0017	0.0	0.02135	0.04558									503.0	17.62716
00401	candidate_pool	0.0	0.21952	0.90414	0.00219	-1e-05	-0.00587	0.1	0.00154	0.04157	0.9407	-0.06439	-1.03417	0.0	0.97639	0.41728	1.03417	asymmetry	599.0	27.15373
00402	model_domain	0.12688	0.27336	0.45711	0.00461	0.00027	0.01682	0.0	-0.00915	0.04234									523.0	14.6253
00403	candidate_pool	0.0	0.21942	0.41091	-0.00136	-0.00071	-0.01452	0.0	0.02902	0.03382	-0.22567	-2.76439	-1.31253	-1.46541	2.00505	-0.12283	2.76439	drift	600.0	21.40776
00404	candidate_pool	0.0	0.12819	0.88667	0.00354	-0.00015	0.02131	0.1	-0.00977	0.02684	1.38654	-0.61306	-0.15869	0.0	0.55299	-0.60862	1.38654	bias	599.0	26.35797
00405	candidate_pool	0.0	0.1588	0.41371	-0.0007	-0.00011	0.04548	0.2	-0.02453	0.03551	-0.0093	-0.44418	0.61978	1.46541	0.00034	-0.00505	1.46541	lag	599.0	26.40683
00406	candidate_pool	0.0	0.16009	0.57517	0.00252	0.00035	0.09312	0.0	-0.04044	0.04155	1.05145	1.36116	2.15395	-1.46541	-0.59516	0.41547	2.15395	asymmetry	600.0	24.69388
00407	candidate_pool	0.04833	0.32371	0.7245	0.00046	0.00041	0.00482	0.1	0.00016	0.04283	0.3726	1.5692	-0.68968	0.0	0.92477	0.50502	1.5692	drift	571.0	14.36647
00408	candidate_pool	0.0	0.20283	0.3286	-0.00716	0.00012		0.1	-0.05676	0.03747	-2.13639	0.43478		0.0	-1.20621	0.1315	2.13639	bias	600.0	30.48866
00409	candidate_pool	0.0	0.37623	0.38233	0.00134	0.00043	0.03353	0.2	-0.04774	0.04298	0.66035	1.65365	0.23472	1.46541	-0.86849	0.51541	1.65365	drift	599.0	25.14016
00410	candidate_pool	0.0	0.17857	0.35606	-0.00618	0.00022	0.03717	0.2	-0.03987	0.03606	-1.8134	0.84058	0.35203	1.46541	-0.57375	0.03321	1.8134	bias	599.0	25.87121
00411	candidate_pool	0.0	0.06315	0.03068	0.00261	0.0002				0.01113	1.07884	0.76008				-1.70236	1.70236	hf_noise	600.0	13.40009
00412	candidate_pool	0.0	0.06501	0.27047	-0.00114	-0.00019	-0.01201	0.0	0.02878	0.0135	-0.15617	-0.73917	-1.23199	-1.46541	1.99579	-1.53714	1.99579	gain_dev	544.0	8.31143
00413	candidate_pool	0.0	0.23467	0.42918	-0.00603	-0.00025	0.03341	0.1	-0.03242	0.04741	-1.76629	-0.98556	0.2311	0.0	-0.2948	0.82361	1.76629	bias	600.0	26.45626
00414	candidate_pool	0.0	0.06161	0.01105	-0.00072	-1e-05				0.00861	-0.01679	-0.06183				-1.8777	1.8777	hf_noise	442.0	6.93789
00415	model_domain	0.21333	0.79754	0.89532	-0.00107	9e-05	-0.01322	0.1	0.0062	0.07575									472.0	12.87067
00416	candidate_pool	0.0	0.07846	0.13515	5e-05	5e-05				0.01119	0.23672	0.20059				-1.69832	1.69832	hf_noise	500.0	11.23329
00417	candidate_pool	0.0	0.16974	0.14099	0.00135	-0.00022				0.0297	0.66424	-0.87907				-0.40938	0.87907	drift	599.0	24.1709
00418	response_candidate	0.0	0.24184	0.19599	-0.0026	0.0001		0.2	-0.17046	0.03313	-0.63594	0.39574		1.46541	-5.46204	-0.17086	5.46204	gain_dev	599.0	32.2813
00419	model_domain	0.15308	0.69447	0.47434	-0.00064	2e-05	-0.00418	0.1	0.0029	0.05014									509.0	11.51545
00421	candidate_pool	0.0	0.12245	0.53168	-0.00557	-0.00088	0.09311	0.0	-0.04503	0.03075	-1.61364	-3.43467	2.15353	-1.46541	-0.76711	-0.33619	3.43467	drift	600.0	27.64202
00422	candidate_pool	0.0	0.20523	0.08008	0.00351	9e-05				0.04226	1.37525	0.34721				0.4653	1.37525	bias	599.0	28.0532
00423	candidate_pool	0.0	0.13608	0.2374	-0.00235	5e-05	-0.01075	0.1	0.04345	0.02016	-0.55483	0.18024	-1.19112	0.0	2.54522	-1.07341	2.54522	gain_dev	450.0	8.43185
00424	candidate_pool	0.0	0.20412	0.31567	-0.00576	6e-05	0.09376	0.1	-0.06048	0.03943	-1.67628	0.21418	2.17461	0.0	-1.34525	0.26851	2.17461	asymmetry	600.0	25.79278
00425	candidate_pool	0.0	0.34952	0.11715	0.0026	-0.00014				0.04	1.07574	-0.57577				0.30764	1.07574	bias	600.0	29.38167
00426	candidate_pool	0.0	0.0989	0.0605	0.00069	0.00011				0.0106	0.44709	0.4241				-1.73967	1.73967	hf_noise	595.0	9.01386
00427	candidate_pool	0.0	0.14569	0.76977	0.00032	-0.00051	0.00219	0.1	-0.00468	0.0384	0.32591	-2.00538	-0.77458	0.0	0.74356	0.1962	2.00538	drift	599.0	27.99487
00428	candidate_pool	0.0	0.03197	0.04718	-0.00068	5e-05				0.00608	-0.00487	0.19254				-2.05402	2.05402	hf_noise	323.0	6.99221
00429	candidate_pool	0.0	0.18293	0.35118	0.00517	-0.00027	0.01375	0.1	-0.02431	0.0457	1.922	-1.04967	-0.40216	0.0	0.00869	0.70466	1.922	bias	600.0	34.87554
00430	candidate_pool	0.06233	0.18732	0.23448	-0.00076	9e-05	0.01001	0.0	-0.0254	0.03395	-0.0288	0.34917	-0.52253	-1.46541	-0.0322	-0.11369	1.46541	lag	346.0	11.45615
00431	candidate_pool	0.0	0.18065	0.08176	-0.00073	2e-05				0.03445	-0.02075	0.07746				-0.07864	0.07864	hf_noise	600.0	25.58702
00432	candidate_pool	0.0	0.13451	0.71217	-0.00016	-0.00042	0.0039	0.0	-0.00344	0.02704	0.16849	-1.66411	-0.71939	-1.46541	0.79003	-0.59457	1.66411	drift	600.0	23.94483
00433	candidate_pool	0.0	0.07346	0.3709	0.00288	0.0001		0.1	-0.00273	0.01786	1.16798	0.35877		0.0	0.81657	-1.23408	1.23408	hf_noise	600.0	14.29986
00434	candidate_pool	0.0	0.18753	1.54218	-0.00258	0.00011	0.00206	0.1	0.00041	0.04629	-0.62842	0.4261	-0.77876	0.0	0.93392	0.74595	0.93392	gain_dev	600.0	17.4482
00435	candidate_pool	0.0	0.16376	0.2861	-0.00339	0.00029	-0.00122	0.1	0.03404	0.02361	-0.89588	1.1229	-0.88449	0.0	2.19272	-0.83325	2.19272	gain_dev	600.0	15.12024
00436	candidate_pool	0.0	0.18884	1.13902	0.00265	-0.00027	-0.00466	0.1	5e-05	0.03727	1.09201	-1.04402	-0.99519	0.0	0.92052	0.11792	1.09201	bias	600.0	15.05196
00437	candidate_pool	0.0	0.21126	0.34926	0.00151	0.00028	0.06461	0.2	-0.07977	0.04897	0.71892	1.09009	1.23581	1.46541	-2.06743	0.93251	2.06743	gain_dev	600.0	30.26914
00438	candidate_pool	0.0	0.28996	0.60206	-0.0069	0.00021	0.01083	0.1	-0.01274	0.04407	-2.05322	0.7858	-0.49634	0.0	0.44156	0.59104	2.05322	bias	600.0	19.29545
00439	candidate_pool	0.0	0.1322	0.06665	0.00017	0.00021				0.0285	0.27801	0.78832				-0.49327	0.78832	drift	600.0	23.83906
00440	candidate_pool	0.04908	0.32253	0.868	-0.00291	0.00015	0.06234	0.1	-0.02883	0.06021	-0.73737	0.57084	1.16267	0.0	-0.16048	1.71538	1.71538	hf_noise	465.0	23.63673
00441	candidate_pool	0.0	0.31589	0.34005	-0.00263	1e-05	0.06678	0.2	-0.05002	0.04961	-0.64701	0.04273	1.30556	1.46541	-0.95371	0.977	1.46541	lag	599.0	30.17451
00442	candidate_pool	0.0	0.19011	0.42503	-0.00108	-0.0005		0.0	-0.03975	0.03322	-0.13364	-1.94002		-1.46541	-0.56932	-0.16456	1.94002	drift	600.0	27.21145
00443	candidate_pool	0.0	0.22575	0.13973	0.00054	-0.00022				0.03789	0.39907	-0.86861				0.16109	0.86861	drift	600.0	26.49844
00444	response_candidate	0.0	0.2171	0.26631	0.00417	0.00019		0.2	-0.14101	0.04704	1.59274	0.72136		1.46541	-4.3598	0.79802	4.3598	gain_dev	599.0	30.746
00445	candidate_pool	0.0	0.18699	0.5205	0.00018	0.00019	0.03085	0.1	-0.02881	0.04296	0.28097	0.73333	0.14846	0.0	-0.1599	0.51381	0.73333	drift	599.0	18.10104
00446	candidate_pool	0.0	0.50439	0.45407	0.00168	0.0002	0.03768	0.1	-0.0303	0.05997	0.77289	0.7739	0.36831	0.0	-0.21553	1.69878	1.69878	hf_noise	600.0	19.7408
00447	candidate_pool	0.0	0.20515	0.08627	-0.00342	5e-05				0.02803	-0.90689	0.18634				-0.52557	0.90689	bias	599.0	30.11234
00448	response_candidate	0.0	0.17153	0.16193	0.0021	-7e-05		0.1	-0.17114	0.03177	0.91198	-0.29338		0.0	-5.48749	-0.26537	5.48749	gain_dev	600.0	28.01841
00449	candidate_pool	0.0	0.17547	0.14801	-6e-05	0.00028				0.03122	0.20089	1.09424				-0.30357	1.09424	drift	600.0	26.00538
00450	candidate_pool	0.0	0.3473	0.30343	-0.0055	-0.00015	0.08051	0.2	-0.11577	0.05532	-1.59213	-0.58462	1.748	1.46541	-3.41508	1.37465	3.41508	gain_dev	600.0	34.83597
00451	candidate_pool	0.0	0.07421	0.15087	0.0004	6e-05		0.1	0.00428	0.01006	0.35369	0.22153		0.0	1.07892	-1.77731	1.77731	hf_noise	468.0	9.57793
00452	candidate_pool	0.0	0.1082	0.04566	-0.00357	-0.00014				0.02408	-0.95547	-0.55003				-0.80069	0.95547	bias	529.0	14.6361
00453	candidate_pool	0.0	0.16382	1.09037	-0.00379	0.00042	0.0251	0.1	-0.00755	0.03049	-1.0282	1.63674	-0.03658	0.0	0.63614	-0.35466	1.63674	drift	600.0	19.1439
00454	candidate_pool	0.0	0.19645	0.47055	0.00653	-1e-05	0.04668	0.0	-0.0282	0.04603	2.36942	-0.03258	0.65844	-1.46541	-0.13687	0.72792	2.36942	bias	599.0	23.84939
00455	candidate_pool	0.0	0.19081	0.24731	0.00341	0.00029		0.1	-0.09921	0.04766	1.3446	1.09727		0.0	-2.79498	0.84147	2.79498	gain_dev	599.0	23.48104
00456	candidate_pool	0.0	0.29891	0.50861	0.00826	-4e-05	0.00364	0.1	-0.0086	0.04528	2.9392	-0.15434	-0.72796	0.0	0.5965	0.67539	2.9392	bias	599.0	33.71921
00457	candidate_pool	0.0	0.11228	0.29673	0.00048	-0.0001	0.04657	0.1	-0.04118	0.02323	0.38023	-0.39421	0.65473	0.0	-0.62278	-0.86022	0.86022	hf_noise	559.0	18.49472
00458	candidate_pool	0.0	0.12977	0.38136	-0.00153	0.00044		0.2	-0.01262	0.03441	-0.28453	1.68501		1.46541	0.44612	-0.08157	1.68501	drift	599.0	26.22984
00460	candidate_pool	0.0	0.39996	0.67994	0.00462	-0.00018	0.02571	0.1	-0.02225	0.05433	1.74155	-0.71464	-0.01706	0.0	0.0856	1.30548	1.74155	bias	600.0	24.6321
00461	candidate_pool	0.0	0.11477	0.35829	0.00097	4e-05		0.0	-0.00721	0.02836	0.53955	0.1558		-1.46541	0.64878	-0.50239	1.46541	lag	600.0	25.37655
00462	candidate_pool	0.0	0.16452	0.40507	0.00183	-0.00078		0.1	-0.05493	0.03599	0.8243	-3.06354		0.0	-1.13771	0.02862	3.06354	drift	599.0	30.02947
00463	candidate_pool	0.0	0.08091	0.35224	0.0011	-9e-05	0.01005	0.1	-0.01138	0.02061	0.58259	-0.34355	-0.52124	0.0	0.49276	-1.0421	1.0421	hf_noise	600.0	21.04849
00464	candidate_pool	0.0	0.20204	0.52468	0.00018	-0.00033	0.01008	0.1	-0.01694	0.035	0.27976	-1.28073	-0.5205	0.0	0.28449	-0.04019	1.28073	drift	600.0	24.20406
00465	candidate_pool	0.0	0.44314	0.58249	0.00222	1e-05	0.04316	0.0	-0.02948	0.06262	0.95164	0.02482	0.54509	-1.46541	-0.18507	1.88283	1.88283	hf_noise	600.0	21.77246
00466	candidate_pool	0.0	0.45449	0.6789	-0.00861	-0.00088	0.10714	0.0	-0.0453	0.05041	-2.61573	-3.42127	2.60556	-1.46541	-0.777	1.03261	3.42127	drift	600.0	20.26569
00467	candidate_pool	0.0	0.207	0.53626	-0.00397	2e-05	-0.00502	0.0	0.0061	0.02841	-1.08816	0.07645	-1.00664	-1.46541	1.14678	-0.49906	1.46541	lag	600.0	16.62658
00468	response_candidate	0.0	0.78075	1.62685	-0.00515	9e-05	-0.01226	0.1	0.00085	0.09977	-1.47424	0.33941	-1.24004	0.0	0.95034	4.47004	4.47004	hf_noise	599.0	20.89027
00469	candidate_pool	0.0	0.20158	0.33107	0.00136	0.00014	0.00731	0.1	0.00575	0.03017	0.66971	0.53491	-0.60954	0.0	1.13371	-0.3765	1.13371	gain_dev	599.0	16.90535
00470	candidate_pool	0.0	0.18848	0.43869	-0.00207	-0.00027	0.05947	0.2	-0.0732	0.04067	-0.46268	-1.06735	1.07035	1.46541	-1.8214	0.35421	1.8214	gain_dev	600.0	20.70371
00471	candidate_pool	0.0	0.12969	0.29842	0.006	-0.0003	-0.00544	0.0	0.00856	0.02129	2.19522	-1.1836	-1.02021	-1.46541	1.23898	-0.99475	2.19522	bias	422.0	13.86997
00472	candidate_pool	0.0	0.19525	1.41256	-0.00124	0.00041	0.01734	0.0	-0.0052	0.04191	-0.18792	1.57581	-0.28652	-1.46541	0.72411	0.44097	1.57581	drift	599.0	26.40394
00473	candidate_pool	0.0	0.165	1.2456	-0.00243	3e-05	0.02616	0.1	-0.01292	0.03631	-0.57861	0.12145	-0.00258	0.0	0.43482	0.05084	0.57861	bias	599.0	19.05646
00474	candidate_pool	0.0	0.12106	0.62442	0.00867	-0.00054	0.02445	0.0	-0.02428	0.0338	3.07644	-2.10911	-0.05764	-1.46541	0.00978	-0.12364	3.07644	bias	600.0	25.6131
00475	candidate_pool	0.0	0.09418	0.1864	0.00223	-0.00015	0.01226	0.1	-0.01538	0.02087	0.95493	-0.58471	-0.45015	0.0	0.34305	-1.02402	1.02402	hf_noise	599.0	19.2137
00477	candidate_pool	0.0	0.25059	0.5248	0.00389	0.00021	0.01702	0.1	-0.01563	0.04567	1.50133	0.79319	-0.29694	0.0	0.33335	0.70295	1.50133	bias	599.0	34.85645
00478	candidate_pool	0.0	0.17281	0.17051	-0.00122	0.00015		0.1	-0.05194	0.02875	-0.18144	0.56491		0.0	-1.02548	-0.47534	1.02548	gain_dev	600.0	22.918
00479	candidate_pool	0.0	0.11263	0.10625	-0.00258	-5e-05				0.02417	-0.63037	-0.18825				-0.79459	0.79459	hf_noise	600.0	20.43077
00480	candidate_pool	0.0	0.16213	0.48359	-0.00341	0.0001	0.02212	0.1	-0.01786	0.03131	-0.90282	0.39373	-0.13271	0.0	0.25002	-0.29699	0.90282	bias	599.0	19.75004
00481	candidate_pool	0.0	0.13618	0.25921	0.00285	-6e-05		0.2	-0.02848	0.02694	1.15788	-0.26346		1.46541	-0.14743	-0.60172	1.46541	lag	599.0	21.193
00482	response_candidate	0.0	0.1656	0.16157	-0.00335	0.00018		0.2	-0.1362	0.03413	-0.88368	0.68281		1.46541	-4.17971	-0.10085	4.17971	gain_dev	599.0	24.9549
00483	candidate_pool	0.0	0.17724	0.64536	-0.0076	2e-05	0.0131	0.0	-0.01071	0.04027	-2.28062	0.06242	-0.4232	-1.46541	0.51782	0.32635	2.28062	bias	599.0	26.83631
00484	candidate_pool	0.0	0.22635	0.52718	0.00158	7e-05	0.03192	0.1	-0.02941	0.03374	0.74178	0.2661	0.18284	0.0	-0.18214	-0.12774	0.74178	bias	600.0	18.47873
00485	candidate_pool	0.0	0.07576	0.04206	0.00219	0.00025				0.01167	0.94209	0.94483				-1.66505	1.66505	hf_noise	465.0	19.78195
00486	candidate_pool	0.0	0.19476	0.67778	0.00085	0.00028	0.01287	0.0	-0.01118	0.0384	0.50154	1.09529	-0.43042	-1.46541	0.50001	0.19673	1.46541	lag	599.0	24.96743
00487	candidate_pool	0.0	0.18188	0.26242	-0.00174	0.00012		0.1	-0.0094	0.02791	-0.35199	0.46342		0.0	0.56671	-0.53419	0.56671	gain_dev	544.0	21.67199
00488	candidate_pool	0.0	0.2154	0.46459	-0.00289	-0.00019	0.02484	0.0	-0.01551	0.03671	-0.73242	-0.76455	-0.04494	-1.46541	0.33804	0.07872	1.46541	lag	599.0	20.41547
00489	candidate_pool	0.0	0.04181	0.05221	0.00089	-6e-05				0.00805	0.51344	-0.25107				-1.917	1.917	hf_noise	600.0	12.07587
00490	candidate_pool	0.0	0.34824	0.1441	-0.0007	0.0002				0.04779	-0.01017	0.76363				0.85031	0.85031	hf_noise	599.0	19.72506
00491	candidate_pool	0.0	0.11006	0.28432	-0.00147	0.00025	0.02184	0.2	-0.03643	0.03257	-0.26199	0.96161	-0.14161	1.46541	-0.44489	-0.20985	1.46541	lag	599.0	25.81569
00492	candidate_pool	0.0	0.20334	0.57801	-0.00379	4e-05	0.03454	0.1	-0.02553	0.04135	-1.02688	0.14726	0.26719	0.0	-0.03691	0.40206	1.02688	bias	599.0	26.69184
00493	candidate_pool	0.0	0.11784	0.05345	-0.00224	0.00011				0.02513	-0.5169	0.39789				-0.72794	0.72794	hf_noise	587.0	19.68803
00494	candidate_pool	0.0	0.17749	0.29392	0.00146	-6e-05		0.2	-0.05277	0.0323	0.70105	-0.22702		1.46541	-1.0567	-0.22809	1.46541	lag	599.0	26.87443
00495	candidate_pool	0.0	0.03477	0.06762	-0.00027	2e-05				0.00609	0.13147	0.05624				-2.0537	2.0537	hf_noise	600.0	8.81366
00497	candidate_pool	0.0	0.23347	0.08485	0.00056	-5e-05				0.03402	0.40335	-0.19757				-0.10886	0.40335	bias	599.0	27.806
00498	candidate_pool	0.0	0.43012	0.52852	-0.00488	0.00061	0.03784	0.1	-0.03271	0.0658	-1.38541	2.34428	0.37367	0.0	-0.30573	2.10418	2.34428	drift	600.0	29.26525
00499	candidate_pool	0.0	0.27514	0.21914	-0.0026	8e-05	0.03858	0.1	-0.05083	0.03892	-0.63524	0.28081	0.3976	0.0	-0.98402	0.23253	0.98402	gain_dev	599.0	24.7075
00500	candidate_pool	0.0	0.21865	0.74843	-0.00108	8e-05	0.00985	0.1	-0.01371	0.04467	-0.13524	0.29027	-0.5277	0.0	0.40537	0.63292	0.63292	hf_noise	599.0	26.06659
00501	candidate_pool	0.0	0.41906	0.48976	-0.00414	0.00024	0.12759	0.1	-0.0493	0.05756	-1.14276	0.91899	3.26419	0.0	-0.92696	1.53096	3.26419	asymmetry	599.0	28.36846
00502	candidate_pool	0.0	0.39331	0.32573	0.00056	0.00025	0.10882	0.2	-0.0776	0.06751	0.40506	0.95284	2.65967	1.46541	-1.9861	2.22317	2.65967	asymmetry	600.0	34.23312
00503	candidate_pool	0.0	0.08831	0.08208	0.00594	0.00049				0.0171	2.1769	1.90698				-1.28667	2.1769	bias	350.0	10.04204
00504	response_candidate	0.0	0.28676	0.17765	-0.00672	-0.00038		0.2	-0.14245	0.06495	-1.99258	-1.47946		1.46541	-4.41378	2.04522	4.41378	gain_dev	600.0	27.18895
00505	candidate_pool	0.0	0.14227	0.09079	-0.0023	-0.00041				0.0346	-0.53813	-1.59883				-0.06846	1.59883	drift	600.0	28.32813
00506	candidate_pool	0.0	0.44167	0.09742	-0.00079	-0.00019				0.04646	-0.04089	-0.74292				0.75765	0.75765	hf_noise	600.0	26.05787
00507	candidate_pool	0.0	0.11432	0.26581	0.00228	0.00013	0.00529	0.1	-0.01823	0.02263	0.97122	0.48071	-0.67469	0.0	0.23611	-0.90144	0.97122	bias	600.0	14.06238
00508	candidate_pool	0.08977	0.50282	0.176	0.001	-0.0002		0.1	-0.01492	0.03138	0.54858	-0.78082		0.0	0.36015	-0.29247	0.78082	drift	507.0	11.37591
00509	candidate_pool	0.0	0.17091	0.44452	-0.00341	-0.00017		0.2	-0.03283	0.03503	-0.90379	-0.67898		1.46541	-0.31046	-0.03846	1.46541	lag	600.0	29.54137
00510	candidate_pool	0.0	0.13915	0.0543	-0.00057	-2e-05				0.02731	0.03221	-0.08481				-0.57579	0.57579	hf_noise	599.0	23.54192
00512	candidate_pool	0.0	0.4969	0.99181	-0.00611	-0.00061	0.05333	0.1	-0.02021	0.06723	-1.79268	-2.3793	0.87245	0.0	0.16192	2.20395	2.3793	drift	599.0	28.5692
00513	candidate_pool	0.0	0.02401	0.00963	-0.00071	0.0				0.00455	-0.01207	-0.0053				-2.16084	2.16084	hf_noise	347.0	6.96857
00514	candidate_pool	0.0	0.04405	0.06175	-0.00336	-0.00014				0.01107	-0.88434	-0.54334				-1.7069	1.7069	hf_noise	600.0	13.72292
00515	candidate_pool	0.0	0.19094	0.13643	-0.00217	0.00013				0.03176	-0.49404	0.48467				-0.26615	0.49404	bias	600.0	27.28812
00516	candidate_pool	0.0	0.79449	0.8901	0.0025	-6e-05	0.06211	0.1	-0.03612	0.06674	1.04257	-0.23678	1.15532	0.0	-0.43339	2.16973	2.16973	hf_noise	599.0	19.89749
00517	candidate_pool	0.0	0.26979	1.21736	0.00021	-0.00091	0.01056	0.0	-0.00157	0.05327	0.28909	-3.54778	-0.50484	-1.46541	0.85976	1.23222	3.54778	drift	599.0	29.91472
00518	candidate_pool	0.0	0.18424	0.09958	0.00409	-0.00019				0.04378	1.56805	-0.73996				0.57095	1.56805	bias	600.0	34.39902
00519	model_domain	0.11167	0.3558	0.40891	-0.00301	4e-05	0.00697	0.1	0.00581	0.03463									533.0	15.05411
00520	candidate_pool	0.0	0.0105	0.02023	-0.00152	-0.0001				0.00267	-0.2811	-0.4095				-2.2915	2.2915	hf_noise	340.0	6.08018
00521	candidate_pool	0.03291	0.17106	1.20828	-0.00159	-0.00026	-0.00794	0.1	0.00053	0.03758	-0.30323	-1.03653	-1.10065	0.0	0.93844	0.1391	1.10065	asymmetry	529.0	15.17478
00522	candidate_pool	0.0	0.19964	0.11708	-0.0035	0.00025				0.04703	-0.93224	0.94653				0.79723	0.94653	drift	599.0	29.34
00523	candidate_pool	0.0	0.20991	0.43843	-0.00201	-0.00014		0.1	-0.00979	0.0442	-0.44214	-0.54639		0.0	0.55206	0.60009	0.60009	hf_noise	599.0	21.47688
00524	candidate_pool	0.09683	0.4761	0.4902	-0.00423	-0.0002		0.1	0.00943	0.04837	-1.17324	-0.79353		0.0	1.27168	0.89078	1.27168	gain_dev	541.0	18.74689
00525	candidate_pool	0.0	0.3218	0.37291	0.00259	0.00039	0.01587	0.2	-0.03426	0.05769	1.07265	1.51231	-0.33393	1.46541	-0.36378	1.53957	1.53957	hf_noise	600.0	22.17535
00526	candidate_pool	0.04333	0.57909	0.4038	0.00129	0.00053	0.00815	0.1	-0.00716	0.04164	0.64524	2.05642	-0.58257	0.0	0.6505	0.42189	2.05642	drift	574.0	15.53495
00528	candidate_pool	0.0	0.1568	0.12369	-0.00101	0.00022				0.02597	-0.11258	0.82624				-0.66897	0.82624	drift	599.0	19.99752
00529	candidate_pool	0.0	0.35218	0.63752	-0.00733	-0.00054	0.06268	0.0	-0.03478	0.04764	-2.19395	-2.13177	1.17371	-1.46541	-0.38336	0.83992	2.19395	bias	600.0	17.7887
00530	candidate_pool	0.0	0.08648	0.18618	-0.00375	-8e-05		0.1	-0.08093	0.02176	-1.01336	-0.31979		0.0	-2.11067	-0.96261	2.11067	gain_dev	599.0	20.56377
00531	model_domain	0.18	0.21626	0.49125	0.00228	-0.00108	0.03319	0.0	0.03497	0.03613									492.0	16.19697
00532	candidate_pool	0.0	0.21212	0.39866	-0.00095	-2e-05		0.2	-0.01189	0.04402	-0.09076	-0.07924		1.46541	0.47349	0.58807	1.46541	lag	600.0	32.31687
00533	candidate_pool	0.0	0.15694	1.04977	-0.00029	0.00027	-0.01116	0.0	0.00997	0.03327	0.1253	1.02264	-1.20457	-1.46541	1.29187	-0.16063	1.46541	lag	599.0	21.02397
00534	response_candidate	0.0	0.30527	1.19826	-0.02086	-0.0007	0.09242	0.0	-0.03057	0.07397	-6.64906	-2.73869	2.13142	-1.46541	-0.22571	2.67345	6.64906	bias	600.0	30.54818
00535	candidate_pool	0.0	0.1548	0.76287	0.00138	0.00039	0.0326	0.0	-0.01169	0.03412	0.67626	1.51256	0.20498	-1.46541	0.48108	-0.10149	1.51256	drift	600.0	29.97805
00536	candidate_pool	0.0	0.37255	0.37937	-0.00636	-9e-05	0.05604	0.1	-0.05001	0.05232	-1.87522	-0.36962	0.95979	0.0	-0.95338	1.16606	1.87522	bias	600.0	31.07804
00537	candidate_pool	0.0	0.18198	0.43191	0.00493	0.00024	0.07025	0.2	-0.04557	0.05117	1.84294	0.91966	1.41735	1.46541	-0.78706	1.08541	1.84294	bias	600.0	32.5563
00538	candidate_pool	0.0	0.18475	0.10247	-0.0002	0.00042				0.04201	0.1555	1.62456				0.4481	1.62456	drift	600.0	26.86494
00539	candidate_pool	0.0	0.14642	0.18552	0.00017	-4e-05		0.2	-0.04935	0.0243	0.27688	-0.16941		1.46541	-0.92857	-0.78518	1.46541	lag	600.0	25.84773
00540	response_candidate	0.0	0.32323	1.1634	-0.01868	-0.00026	0.0641	0.1	-0.03375	0.06836	-5.9297	-1.02564	1.21945	0.0	-0.3449	2.28265	5.9297	bias	600.0	29.33667
00541	candidate_pool	0.0	0.07311	0.2085	-0.00083	0.00019	-0.0228	0.1	0.05225	0.0115	-0.05421	0.7364	-1.57922	0.0	2.87456	-1.67652	2.87456	gain_dev	600.0	7.78848
00542	candidate_pool	0.0	0.17873	0.4474	0.0039	-0.0004	0.04031	0.1	-0.03987	0.03982	1.50458	-1.57246	0.45303	0.0	-0.57387	0.29502	1.57246	drift	600.0	30.83856
00543	data_quality	0.04118	19.14156	0.88816	-0.05075	0.00619		-0.1	-0.96276	0.86585									489.0	12.8075
00544	candidate_pool	0.0	0.14679	0.59878	-0.00091	-0.00015		0.1	-0.00546	0.03159	-0.07893	-0.59825		0.0	0.71432	-0.27812	0.71432	gain_dev	599.0	30.33287
00545	candidate_pool	0.00587	0.05392	0.0693	0.00423	5e-05				0.01435	1.61379	0.16279				-1.47837	1.61379	bias	508.0	11.36241
00546	candidate_pool	0.0	0.16183	0.10426	0.00324	0.00022				0.03324	1.28793	0.83622				-0.16275	1.28793	bias	600.0	27.97113
00547	response_candidate	0.0	0.26136	0.22885	0.00273	0.00018	0.10638	0.1	-0.14406	0.04638	1.11998	0.68195	2.58104	0.0	-4.47386	0.75244	4.47386	gain_dev	600.0	28.89227
00548	candidate_pool	0.0	0.25239	0.33278	-0.00248	0.00051	0.08946	0.1	-0.07513	0.03871	-0.59525	1.98747	2.03615	0.0	-1.8936	0.21816	2.03615	asymmetry	600.0	25.05551
00549	candidate_pool	0.0	0.13374	0.68771	0.0049	-0.00011	0.01203	0.1	-0.00839	0.0346	1.83349	-0.44244	-0.45774	0.0	0.60437	-0.06834	1.83349	bias	599.0	30.85692
00550	candidate_pool	0.0	0.27391	0.24421	0.00024	0.0002	0.0343	0.2	-0.04536	0.03388	0.29868	0.75974	0.25959	1.46541	-0.7793	-0.11862	1.46541	lag	599.0	23.26605
00552	candidate_pool	0.0	0.17979	0.41505	-0.00498	0.00044	0.08381	0.2	-0.04172	0.03899	-1.42049	1.69048	1.85418	1.46541	-0.64309	0.23727	1.85418	asymmetry	599.0	34.88965
00553	candidate_pool	0.0	0.32961	0.36236	0.00163	-0.0006		0.1	-0.04832	0.04221	0.75658	-2.36536		0.0	-0.89019	0.46206	2.36536	drift	599.0	24.44056
00554	response_candidate	0.0	0.63503	0.47492	-0.00345	-0.00033	0.15319	0.2	-0.08444	0.05794	-0.91683	-1.31288	4.0885	1.46541	-2.24241	1.55727	4.0885	asymmetry	600.0	32.11498
00555	candidate_pool	0.0	0.28061	0.37366	-0.00316	-0.00018	0.00636	0.1	-0.01874	0.065	-0.82026	-0.7093	-0.64031	0.0	0.21696	2.04902	2.04902	hf_noise	599.0	24.80323
00556	candidate_pool	0.0	0.20001	0.49089	-0.00559	6e-05	0.0962	0.1	-0.08128	0.04232	-1.62091	0.21798	2.25306	0.0	-2.12398	0.46955	2.25306	asymmetry	599.0	24.45619
00557	candidate_pool	0.0	0.23261	0.35741	-0.00036	-0.00044	0.00828	0.1	-0.0146	0.03985	0.10351	-1.72052	-0.57847	0.0	0.37223	0.29715	1.72052	drift	600.0	25.47431
00558	candidate_pool	0.0	0.18444	0.50968	-0.00805	-0.00017	0.0333	0.1	-0.02176	0.03672	-2.43057	-0.67925	0.2273	0.0	0.10412	0.07911	2.43057	bias	476.0	18.18007
00559	candidate_pool	0.0	0.13598	0.11204	-0.0003	-0.0				0.0309	0.12331	-0.02748				-0.32582	0.32582	hf_noise	600.0	26.13397
00560	candidate_pool	0.0	0.25784	0.60638	0.00266	-0.00059	0.03888	0.0	-0.04603	0.05032	1.0978	-2.28851	0.40724	-1.46541	-0.80427	1.02656	2.28851	drift	600.0	32.0997
00561	candidate_pool	0.0	0.14309	0.14494	0.00096	-0.0003				0.02766	0.53635	-1.16492				-0.55177	1.16492	drift	600.0	23.21285
00562	candidate_pool	0.0	0.15288	0.16591	-0.00029	3e-05	0.02075	0.2	-0.07185	0.02462	0.12561	0.11187	-0.17666	1.46541	-1.77111	-0.76313	1.77111	gain_dev	600.0	18.02415
00563	response_candidate	0.0	0.24618	0.15132	0.00178	-0.0002		0.2	-0.3343	0.05127	0.80558	-0.78115		1.46541	-11.59528	1.09291	11.59528	gain_dev	599.0	33.46668
00564	candidate_pool	0.0	0.20352	0.25709	0.00355	6e-05		0.1	-0.04245	0.02963	1.38946	0.23511		0.0	-0.67046	-0.41433	1.38946	bias	599.0	17.71393
00565	candidate_pool	0.0	0.22352	0.54359	0.00406	-0.0003	-0.00346	0.0	-0.00907	0.03061	1.55705	-1.16246	-0.95659	-1.46541	0.5792	-0.34569	1.55705	bias	600.0	22.15403
00566	candidate_pool	0.0	0.13495	0.09204	0.00392	6e-05				0.02785	1.51281	0.22312				-0.53803	1.51281	bias	599.0	24.87378
00567	candidate_pool	0.0	0.1595	0.30169	0.00596	-0.00013	0.09579	0.2	-0.08184	0.03691	2.18294	-0.49919	2.23984	1.46541	-2.14498	0.09242	2.23984	asymmetry	599.0	31.28032
00568	candidate_pool	0.0	0.14175	0.50848	0.00308	0.00017		0.1	-0.02164	0.03766	1.23345	0.6367		0.0	0.10851	0.14471	1.23345	bias	599.0	25.81371
00569	candidate_pool	0.0	0.11425	0.02529	-0.00038	-0.00011				0.01135	0.09606	-0.43097				-1.68718	1.68718	hf_noise	577.0	8.21923
00570	candidate_pool	0.0	0.15669	0.31361	-0.00255	-2e-05	0.07313	0.1	-0.04387	0.03497	-0.61843	-0.10771	1.51023	0.0	-0.72367	-0.04234	1.51023	asymmetry	599.0	26.55479
00571	candidate_pool	0.0	0.233	0.25805	0.00157	-0.00023	0.00987	0.1	-0.02415	0.03427	0.73767	-0.88896	-0.52708	0.0	0.01467	-0.0914	0.88896	drift	596.0	19.25324
00572	candidate_pool	0.0	0.20241	0.32109	-0.00178	-0.00026		0.1	-0.04384	0.03762	-0.36572	-1.0051		0.0	-0.7223	0.14191	1.0051	drift	600.0	26.38396
00573	candidate_pool	0.0	0.13846	0.08832	-0.00097	-0.00024				0.02197	-0.09791	-0.94357				-0.94771	0.94771	hf_noise	397.0	14.01469
00574	candidate_pool	0.0	0.1575	0.86653	0.00287	-0.00032	0.03136	0.1	-0.02262	0.04026	1.16716	-1.25687	0.16478	0.0	0.07189	0.32616	1.25687	drift	600.0	27.99556
00575	candidate_pool	0.0	0.20186	0.36993	-0.00091	-8e-05	0.03262	0.1	-0.0144	0.04535	-0.07846	-0.30958	0.20554	0.0	0.37947	0.68025	0.68025	hf_noise	599.0	23.29262
00576	candidate_pool	0.0	0.08875	0.30237	-0.00335	9e-05		0.0	-0.04071	0.0241	-0.88357	0.34363		-1.46541	-0.60533	-0.79906	1.46541	lag	600.0	24.24551
00577	candidate_pool	0.0	0.33818	0.54239	-0.00318	0.00028	0.02693	0.1	-0.01482	0.05319	-0.82533	1.07165	0.02226	0.0	0.36376	1.22624	1.22624	hf_noise	599.0	24.31242
00579	candidate_pool	0.0	0.27217	1.55484	-0.00485	-0.00016	0.06159	0.1	-0.01339	0.0687	-1.37736	-0.63227	1.13853	0.0	0.41736	2.30655	2.30655	hf_noise	600.0	26.22676
00581	candidate_pool	0.0	0.42815	0.3293	-0.01108	-0.00016	0.10389	0.2	-0.10134	0.06994	-3.42817	-0.61841	2.50085	1.46541	-2.87479	2.39239	3.42817	bias	600.0	28.59179
00582	candidate_pool	0.0	0.32665	0.84189	0.00032	-0.00091	0.03314	0.1	-0.02009	0.07444	0.3262	-3.56231	0.22218	0.0	0.16646	2.70606	3.56231	drift	599.0	31.80889
00583	model_domain	0.10667	0.43572	0.42204	-0.00199	5e-05	0.00062	0.0	0.00238	0.03971									536.0	17.83102
00584	candidate_pool	0.0	0.33598	0.26955	0.00436	-0.00043	-0.01635	0.0	0.01457	0.03288	1.65572	-1.6739	-1.3717	-1.46541	1.46415	-0.18775	1.6739	drift	512.0	9.15177
00585	candidate_pool	0.0	0.12043	0.28082	0.00051	2e-05	0.03859	0.2	-0.03106	0.0231	0.38981	0.06969	0.39775	1.46541	-0.24397	-0.86911	1.46541	lag	599.0	22.43925
00586	candidate_pool	0.0	0.01246	0.007	7e-05	1e-05				0.00304	0.24285	0.0445				-2.26576	2.26576	hf_noise	327.0	6.06327
00587	candidate_pool	0.0	0.15919	0.66557	-0.00837	-0.00014	0.02461	0.0	-0.01076	0.03821	-2.53707	-0.54988	-0.05232	-1.46541	0.51576	0.18305	2.53707	bias	599.0	26.65652
00588	candidate_pool	0.0	0.03512	0.01172	-0.00014	1e-05				0.00525	0.17318	0.01064				-2.1116	2.1116	hf_noise	501.0	7.10734
00589	candidate_pool	0.0	0.15482	0.29367	0.00336	8e-05		0.1	-0.0289	0.02988	1.32682	0.29069		0.0	-0.16329	-0.39695	1.32682	bias	600.0	28.74922
00590	candidate_pool	0.0	0.17687	0.16433	-0.00122	8e-05	0.08395	0.1	-0.11718	0.03301	-0.18018	0.30198	1.85875	0.0	-3.46778	-0.17911	3.46778	gain_dev	600.0	21.23879
00591	candidate_pool	0.0	0.27675	0.70392	0.00203	0.00016	0.01611	0.1	-0.01202	0.04277	0.88878	0.60527	-0.32606	0.0	0.46862	0.5008	0.88878	bias	600.0	23.29074
00592	response_candidate	0.0	0.17503	1.21476	0.0124	-0.00183	0.01281	0.0	-0.01604	0.05127	4.30358	-7.14271	-0.43246	-1.46541	0.31807	1.09269	7.14271	drift	600.0	29.77074
00593	response_candidate	0.0	0.51319	1.00479	0.01427	-0.00046	0.08979	0.1	-0.04721	0.07832	4.92128	-1.81641	2.04657	0.0	-0.84877	2.9765	4.92128	bias	600.0	27.48505
00594	candidate_pool	0.0	0.10583	0.13509	-0.00254	-6e-05				0.02273	-0.61727	-0.25171				-0.89449	0.89449	hf_noise	547.0	19.54862
00595	candidate_pool	0.0	0.16564	0.24899	0.00249	-7e-05		0.2	-0.06802	0.03647	1.04114	-0.28451		1.46541	-1.62755	0.06207	1.62755	gain_dev	600.0	25.52938
00596	candidate_pool	0.0	0.15988	0.37393	0.00159	-0.00021		0.2	-0.0407	0.04663	0.74379	-0.84661		1.46541	-0.6049	0.76983	1.46541	lag	600.0	29.85766
00597	candidate_pool	0.08044	0.24487	1.54254	0.00402	0.00038	0.04023	0.0	-0.01198	0.04988	1.5446	1.45543	0.45063	-1.46541	0.47	0.99575	1.5446	bias	503.0	17.07337
00598	candidate_pool	0.0	0.2934	0.8226	0.00187	-0.00014	0.03592	0.1	-0.0252	0.04758	0.83803	-0.56555	0.31179	0.0	-0.02462	0.83543	0.83803	bias	600.0	20.09677
00599	candidate_pool	0.0	0.08637	0.04051	0.00039	-7e-05				0.01205	0.34846	-0.28236				-1.63809	1.63809	hf_noise	599.0	10.07957
00600	candidate_pool	0.0	0.2532	0.8129	-0.00877	0.00042	0.0191	0.1	-0.00799	0.04929	-2.66854	1.63546	-0.22996	0.0	0.61964	0.95485	2.66854	bias	534.0	24.09174
00601	candidate_pool	0.0	0.41043	1.24097	0.00634	-0.0003	0.07811	0.1	-0.0345	0.07257	2.3093	-1.16641	1.67041	0.0	-0.37288	2.57602	2.57602	hf_noise	599.0	22.50889
00602	candidate_pool	0.0	0.2137	0.41101	0.00217	0.0002	0.0259	0.1	-0.02852	0.05064	0.93399	0.77116	-0.01078	0.0	-0.14886	1.04891	1.04891	hf_noise	599.0	25.2032
00603	candidate_pool	0.0	0.10342	0.12432	0.00091	0.0				0.0205	0.51931	-0.00319				-1.0498	1.0498	hf_noise	599.0	11.99772
00604	candidate_pool	0.0	0.07509	0.394	-0.00259	0.00018	0.00209	0.0	-0.00041	0.02093	-0.63221	0.66954	-0.77778	-1.46541	0.9034	-1.02018	1.46541	lag	599.0	19.64169
00605	candidate_pool	0.0	0.18611	0.60319	-0.00453	-0.00035	0.08553	0.2	-0.02706	0.04318	-1.27255	-1.36867	1.90955	1.46541	-0.09434	0.52949	1.90955	asymmetry	599.0	34.4391
00606	candidate_pool	0.0	0.15708	0.05314	0.00027	-4e-05				0.01876	0.30929	-0.16592				-1.1712	1.1712	hf_noise	600.0	17.0622
00607	candidate_pool	0.0	0.42392	0.55018	-0.00769	-0.0005	0.02898	0.1	-0.02277	0.07259	-2.31213	-1.94073	0.08828	0.0	0.06628	2.57721	2.57721	hf_noise	599.0	24.09107
00608	candidate_pool	0.0	0.17014	0.75023	0.00036	-0.00012	0.00543	0.2	-0.01011	0.03108	0.34013	-0.49585	-0.67028	1.46541	0.54033	-0.31321	1.46541	lag	599.0	27.65436
00609	candidate_pool	0.0	0.07822	0.03121	-0.00142	-0.0001				0.00873	-0.24703	-0.38972				-1.86989	1.86989	hf_noise	508.0	7.85667
00610	candidate_pool	0.0	0.11833	0.53668	-0.00098	1e-05	0.01264	0.1	-0.01154	0.0311	-0.10091	0.04177	-0.43806	0.0	0.48667	-0.31217	0.48667	gain_dev	599.0	21.40865
00611	candidate_pool	0.0	0.18235	0.11335	-0.00062	0.00013				0.03598	0.01649	0.48669				0.02765	0.48669	drift	599.0	21.34503
00612	candidate_pool	0.0	0.39774	0.28458	-0.00199	-0.00046		0.2	-0.09577	0.05142	-0.43347	-1.79265		1.46541	-2.66627	1.10335	2.66627	gain_dev	599.0	30.15659
00614	candidate_pool	0.0	0.07758	0.11925	0.00038	8e-05				0.01111	0.34722	0.30085				-1.70354	1.70354	hf_noise	395.0	14.7236
00615	candidate_pool	0.0	0.03432	0.07488	0.00071	-2e-05				0.00828	0.45457	-0.09683				-1.90106	1.90106	hf_noise	434.0	7.79177
00616	model_domain	0.15318																		
00617	candidate_pool	0.04972	0.20222	0.176	0.00121	0.00059	-0.00584	0.0	0.00628	0.03073	0.61995	2.2862	-1.03306	-1.46541	1.15355	-0.33763	2.2862	drift	516.0	20.17919
00618	response_candidate	0.0	0.22425	0.25782	-0.00288	0.00019	0.33003	0.2	-0.22998	0.03324	-0.72944	0.74529	9.78395	1.46541	-7.69009	-0.16264	9.78395	asymmetry	599.0	25.78152
00619	candidate_pool	0.0	0.14803	0.49392	0.00289	0.00011	0.03681	0.1	-0.02998	0.03514	1.171	0.42347	0.34039	0.0	-0.20358	-0.03053	1.171	bias	599.0	26.60046
00620	response_candidate	0.0	0.98184	1.39342	-0.0089	-0.00039	0.09787	0.1	-0.03287	0.09902	-2.71149	-1.54198	2.30702	0.0	-0.31173	4.41754	4.41754	hf_noise	599.0	22.27363
00621	candidate_pool	0.0	0.21625	1.15597	-0.00808	-0.0002	0.10532	0.2	-0.04271	0.04362	-2.44161	-0.78829	2.54677	1.46541	-0.67996	0.55994	2.54677	asymmetry	599.0	24.12793
00622	candidate_pool	0.05153	0.13917	0.51485	-0.00888	0.0004	-0.04921	0.0	0.05116	0.01849	-2.70496	1.55996	-2.42978	-1.46541	2.83367	-1.18981	2.83367	gain_dev	497.0	9.60763
00623	candidate_pool	0.0	0.23565	0.38912	0.00012	-0.00055		0.2	-0.03657	0.04173	0.25855	-2.16558		1.46541	-0.45014	0.42814	2.16558	drift	600.0	30.20914
00624	candidate_pool	0.0	0.14198	0.61131	0.00868	0.00033	0.0131	0.0	-0.0102	0.03292	3.0777	1.25836	-0.42303	-1.46541	0.53677	-0.1855	3.0777	bias	600.0	25.01009
00625	candidate_pool	0.0	0.31835	0.32337	-0.00436	0.00049		0.1	-0.08947	0.06418	-1.21664	1.89701		0.0	-2.43033	1.9917	2.43033	gain_dev	600.0	23.73811
00626	candidate_pool	0.0	0.19085	0.45657	0.00081	-2e-05		0.1	-0.00676	0.02903	0.48795	-0.07197		0.0	0.66552	-0.45608	0.66552	gain_dev	599.0	27.18149
00627	candidate_pool	0.0	0.08351	0.07415	0.00145	2e-05				0.02399	0.69953	0.05568				-0.80701	0.80701	hf_noise	495.0	17.78354
00629	candidate_pool	0.0	0.20745	0.48787	-0.00504	4e-05	0.01366	0.1	-0.00763	0.03332	-1.44019	0.13937	-0.40499	0.0	0.63309	-0.15701	1.44019	bias	599.0	27.07072
00630	candidate_pool	0.0	0.25585	0.65642	-0.00781	5e-05	0.01627	0.1	-0.01994	0.04717	-2.35125	0.19923	-0.32101	0.0	0.17229	0.80723	2.35125	bias	600.0	24.73188
00632	candidate_pool	0.0	0.16783	0.3011	-0.0049	-3e-05	0.02914	0.1	-0.00875	0.02414	-1.39407	-0.12582	0.09336	0.0	0.59118	-0.79646	1.39407	bias	599.0	14.86229
00634	candidate_pool	0.0	0.24328	0.35146	0.00412	-0.00048		0.2	-0.04276	0.03898	1.57574	-1.88514		1.46541	-0.68217	0.23698	1.88514	drift	600.0	26.31898
00635	candidate_pool	0.0	0.2424	0.76268	0.00209	-0.00028		0.1	-0.03794	0.04519	0.90901	-1.1172		0.0	-0.50149	0.66948	1.1172	drift	599.0	24.16297
00636	model_domain	0.1627	0.39026	0.23337	-0.0004	-0.00028	-0.01925	0.0	0.07281	0.03169									422.0	10.49476
00637	candidate_pool	0.0	0.3062	1.34156	-0.01152	0.00033	-0.00203	0.1	-0.00459	0.06576	-3.57381	1.26338	-0.91051	0.0	0.74677	2.10144	3.57381	bias	600.0	22.10465
00638	candidate_pool	0.0	0.06638	0.30627	-0.00024	0.00027	0.01651	0.1	-0.01555	0.01186	0.14185	1.0244	-0.3133	0.0	0.3364	-1.65158	1.65158	hf_noise	599.0	15.3386
00639	candidate_pool	0.0	0.17814	0.1399	0.0006	-0.00031				0.03662	0.41714	-1.23376				0.0726	1.23376	drift	599.0	28.83401
00640	candidate_pool	0.08142	0.33759	0.92493	-0.00249	0.0002	0.01654	0.1	-0.00708	0.03505	-0.60027	0.75287	-0.3124	0.0	0.65344	-0.03705	0.75287	drift	519.0	13.03845
00642	candidate_pool	0.0	0.14439	0.05417	-0.0013	-0.00011				0.03086	-0.20721	-0.44136				-0.32875	0.44136	drift	600.0	16.39403
00643	candidate_pool	0.0	0.12623	0.06557	5e-05	7e-05				0.01948	0.23792	0.25723				-1.12118	1.12118	hf_noise	570.0	18.64523
00644	candidate_pool	0.0	0.13711	0.09977	-0.00115	3e-05				0.02341	-0.15674	0.09193				-0.84721	0.84721	hf_noise	599.0	16.62673
00645	candidate_pool	0.0	0.13697	0.68249	-0.00419	-0.00032	0.03932	0.1	-0.02003	0.03707	-1.15846	-1.2483	0.42119	0.0	0.16875	0.10381	1.2483	drift	599.0	26.6458
00646	candidate_pool	0.0	0.04738	0.08053	0.00131	2e-05				0.00968	0.6508	0.06953				-1.80366	1.80366	hf_noise	508.0	9.40844
00647	candidate_pool	0.0	0.24483	0.82057	-0.00088	0.00015		0.0	0.00542	0.04158	-0.06778	0.5901		-1.46541	1.12159	0.41774	1.46541	lag	600.0	30.42946
00648	candidate_pool	0.0	0.26633	0.14765	-0.00116	-3e-05				0.03847	-0.16276	-0.14058				0.20152	0.20152	hf_noise	600.0	20.73728
00650	candidate_pool	0.0	0.17804	0.19435	0.00048	-9e-05	0.0599	0.1	-0.08713	0.0292	0.37802	-0.37021	1.08411	0.0	-2.34286	-0.44426	2.34286	gain_dev	600.0	19.15185
00651	candidate_pool	0.0	0.22549	0.85516	0.00156	-0.00023	0.01441	0.1	-0.02124	0.04092	0.73399	-0.90482	-0.38103	0.0	0.12346	0.37211	0.90482	drift	600.0	19.85224
00652	candidate_pool	0.0	0.18166	0.66319	0.00163	2e-05	0.02421	0.1	-0.01216	0.03019	0.75799	0.06377	-0.06537	0.0	0.4634	-0.37536	0.75799	bias	600.0	18.52101
00653	candidate_pool	0.08681	0.60545	0.75401	0.00319	-0.00035	-0.02266	0.0	0.00594	0.04359	1.27104	-1.35834	-1.57468	-1.46541	1.14094	0.55818	1.57468	asymmetry	547.0	15.04335
00654	candidate_pool	0.0	0.32345	0.85057	-0.00281	-0.00011	0.03364	0.1	-0.02124	0.05753	-0.70628	-0.45361	0.23824	0.0	0.12358	1.52888	1.52888	hf_noise	600.0	27.48994
00655	candidate_pool	0.0	0.18546	0.44994	0.00192	0.0		0.2	-0.02582	0.03803	0.8537	0.0033		1.46541	-0.0478	0.17041	1.46541	lag	599.0	30.39484
00656	candidate_pool	0.0	0.05649	0.02777	-0.00257	-0.0				0.01153	-0.62602	-0.02101				-1.67496	1.67496	hf_noise	300.0	9.92758
00657	candidate_pool	0.0	0.17353	0.53849	0.00012	-0.0003		0.1	-0.00717	0.03946	0.2585	-1.1924		0.0	0.65038	0.2703	1.1924	drift	600.0	21.0766
00658	candidate_pool	0.0	0.17216	0.78803	0.00141	0.00066	0.02047	0.1	-0.01714	0.04455	0.68431	2.5679	-0.18592	0.0	0.27712	0.62487	2.5679	drift	599.0	25.60338
00659	candidate_pool	0.0	0.02743	0.02639	0.00051	2e-05				0.00449	0.38866	0.04966				-2.16465	2.16465	hf_noise	600.0	8.35985
00660	response_candidate	0.0	0.2999	0.92698	-0.01207	0.00098	0.15219	0.1	-0.06708	0.06559	-3.75327	3.78164	4.05634	0.0	-1.59248	2.08995	4.05634	asymmetry	600.0	23.75448
00661	candidate_pool	0.0	0.3455	0.42279	-0.00615	-0.0001		0.2	-0.0447	0.05401	-1.80484	-0.39384		1.46541	-0.75483	1.28367	1.80484	bias	599.0	27.55698
00662	candidate_pool	0.0	0.97651	1.19143	-0.01063	0.00021	0.06735	0.1	-0.03228	0.08315	-3.27898	0.81387	1.32401	0.0	-0.2898	3.31243	3.31243	hf_noise	600.0	21.54883
00663	candidate_pool	0.0	0.1981	0.20641	-0.00559	0.00023	0.08522	0.2	-0.09634	0.02731	-1.62052	0.86958	1.89948	1.46541	-2.68779	-0.57597	2.68779	gain_dev	600.0	23.78424
00664	candidate_pool	0.0	0.25627	0.48309	-0.00097	-0.00011	0.04838	0.1	-0.01828	0.04337	-0.09741	-0.43848	0.71307	0.0	0.23441	0.5423	0.71307	asymmetry	599.0	34.14883
00665	candidate_pool	0.0	0.02123	0.0228	-0.00054	6e-05				0.00506	0.04397	0.23978				-2.12484	2.12484	hf_noise	467.0	8.97321
00667	candidate_pool	0.0	0.23227	0.29874	0.00141	-0.00038	0.05273	0.2	-0.06365	0.04973	0.68433	-1.50393	0.85326	1.46541	-1.464	0.98524	1.50393	drift	599.0	30.46329
00668	candidate_pool	0.0	0.01477	0.01339	-0.00088	5e-05				0.00438	-0.06771	0.187				-2.1727	2.1727	hf_noise	305.0	8.46281
00669	candidate_pool	0.0	0.11653	0.10196	0.0042	-0.00047				0.02854	1.60325	-1.85498				-0.49046	1.85498	drift	599.0	26.08977
00670	candidate_pool	0.0	0.17162	0.25823	-0.00192	1e-05		0.2	-0.04031	0.03392	-0.41195	0.00747		1.46541	-0.59033	-0.11565	1.46541	lag	599.0	24.94205
00671	candidate_pool	0.0	0.24373	0.15969	-0.00062	0.0001	0.03045	0.1	-0.10673	0.04468	0.01775	0.38537	0.13571	0.0	-3.07651	0.63375	3.07651	gain_dev	600.0	15.54672
00672	candidate_pool	0.0	0.125	0.31652	0.00174	0.0003	0.05732	0.2	-0.04155	0.02564	0.79421	1.14466	1.0011	1.46541	-0.63668	-0.69211	1.46541	lag	600.0	23.92384
00673	candidate_pool	0.0	0.16362	0.41748	0.00519	0.00032		0.2	-0.0644	0.03261	1.93088	1.22298		1.46541	-1.49202	-0.20655	1.93088	bias	600.0	25.86852
00674	candidate_pool	0.09897	0.70558	0.21147	-0.00015	-3e-05	0.00598	0.1	-0.04484	0.04188	0.17177	-0.14606	-0.65239	0.0	-0.75973	0.4386	0.75973	gain_dev	437.0	9.64854
00675	candidate_pool	0.0	0.54929	0.29175	-0.00505	0.00033	0.06542	0.1	-0.08424	0.05333	-1.44137	1.27479	1.26195	0.0	-2.23481	1.23582	2.23481	gain_dev	600.0	22.89166
00676	model_domain	0.18841	0.38918	0.2251	-0.00191	0.00033	0.0051	0.1	-0.00828	0.03441									448.0	15.35765
00677	candidate_pool	0.0	0.10489	0.23744	-0.00066	-1e-05		0.0	-0.014	0.02381	0.00215	-0.03672		-1.46541	0.39467	-0.81945	1.46541	lag	600.0	19.76377
00678	response_candidate	0.0	0.17023	0.16146	-0.00282	-0.00014		0.2	-0.13578	0.03088	-0.70649	-0.57386		1.46541	-4.16393	-0.32756	4.16393	gain_dev	600.0	28.44557
00679	candidate_pool	0.0	0.17937	0.52438	0.00114	-0.00012		0.1	-0.01304	0.03545	0.59653	-0.47626		0.0	0.43032	-0.00904	0.59653	bias	600.0	18.7867
00680	candidate_pool	0.0	0.16199	0.6406	-0.00247	-0.0001		0.2	-0.0253	0.04227	-0.59203	-0.38401		1.46541	-0.02834	0.46608	1.46541	lag	600.0	34.8938
00681	candidate_pool	0.0	0.1868	0.59432	0.0062	0.00016	0.03052	0.1	-0.01932	0.03679	2.2639	0.61247	0.1379	0.0	0.19534	0.08413	2.2639	bias	600.0	28.51342
00682	candidate_pool	0.08347	0.4548	0.34888	-0.00038	1e-05		0.1	-0.04318	0.04355	0.09458	0.02129		0.0	-0.69778	0.5551	0.69778	gain_dev	549.0	15.1248
00683	candidate_pool	0.0	0.21574	0.52036	0.00307	-1e-05	0.00946	0.1	-0.00487	0.03693	1.23305	-0.04618	-0.5403	0.0	0.73619	0.09427	1.23305	bias	600.0	23.32996
00685	response_candidate	0.0	0.20397	0.22383	0.00121	-0.00045	0.13977	0.1	-0.16216	0.03381	0.61996	-1.77306	3.6564	0.0	-5.15146	-0.12304	5.15146	gain_dev	600.0	25.14765
00686	candidate_pool	0.0	0.07027	0.04178	-0.00102	-1e-05				0.01251	-0.11605	-0.04614				-1.60621	1.60621	hf_noise	600.0	11.77183
00687	candidate_pool	0.0	0.17274	0.99612	0.00693	-0.0002	0.00307	0.0	-0.00709	0.04472	2.50427	-0.79615	-0.74613	-1.46541	0.65324	0.63654	2.50427	bias	599.0	24.18006
00688	candidate_pool	0.0	0.42833	0.41934	-0.00474	-0.00062	0.1238	0.1	-0.10932	0.07796	-1.33964	-2.40669	3.14195	0.0	-3.17355	2.95099	3.17355	gain_dev	600.0	26.11524
00689	candidate_pool	0.0	0.34794	0.39514	-0.00022	-0.00034	0.02949	0.1	-0.06076	0.037	0.14851	-1.33402	0.10463	0.0	-1.35594	0.09895	1.35594	gain_dev	599.0	20.63886
00690	candidate_pool	0.0	0.09521	0.12529	-0.00263	6e-05				0.01395	-0.64511	0.21396				-1.50594	1.50594	hf_noise	509.0	8.37706
00691	candidate_pool	0.0	0.14288	0.41044	0.00132	0.00018	0.00919	0.1	-0.00997	0.02566	0.65419	0.68624	-0.54902	0.0	0.5453	-0.69082	0.69082	hf_noise	599.0	17.18878
00692	candidate_pool	0.0	0.18398	0.17306	0.00119	0.00018		0.2	-0.12309	0.03004	0.611	0.70286		1.46541	-3.68899	-0.38562	3.68899	gain_dev	600.0	27.3166
00693	candidate_pool	0.0	0.25571	1.02579	9e-05	-0.00018	-0.00783	0.0	0.00387	0.03321	0.25168	-0.69816	-1.09733	-1.46541	1.06361	-0.16499	1.46541	lag	600.0	19.14466
00694	candidate_pool	0.0	0.21471	1.17182	0.00156	0.00043	0.03768	0.0	-0.01406	0.04853	0.73456	1.6747	0.36837	-1.46541	0.39218	0.90208	1.6747	drift	599.0	29.8947
00695	candidate_pool	0.0	0.31231	0.27149	0.00135	0.00023	0.07156	0.1	-0.07151	0.03312	0.66352	0.89294	1.45975	0.0	-1.75826	-0.17105	1.75826	gain_dev	600.0	26.34177
00696	candidate_pool	0.0	0.12209	0.13594	0.00172	-9e-05				0.03205	0.78666	-0.37427				-0.24556	0.78666	bias	599.0	30.9174
00698	candidate_pool	0.0	0.26126	0.95644	0.0027	-1e-05	0.0071	0.1	-0.00622	0.04868	1.1098	-0.03334	-0.61637	0.0	0.6856	0.91248	1.1098	bias	599.0	34.60412
00699	candidate_pool	0.0	0.43145	0.56289	-0.01147	0.00045	0.03157	0.2	-0.04503	0.07636	-3.5553	1.73282	0.17179	1.46541	-0.76696	2.83989	3.5553	bias	600.0	27.60331
00700	candidate_pool	0.0	0.20773	0.83854	0.00362	-0.00065	0.02025	0.0	-0.01541	0.04062	1.41209	-2.53841	-0.19278	-1.46541	0.34159	0.35118	2.53841	drift	599.0	26.4953
00701	response_candidate	0.0	0.14647	0.18316	0.00622	0.00041		0.0	-0.22895	0.03216	2.26931	1.59297		-1.46541	-7.65158	-0.23827	7.65158	gain_dev	599.0	25.6605
00702	candidate_pool	0.01167	0.35744	0.83199	-0.00222	-0.00012	-0.03577	0.0	0.01302	0.0486	-0.50953	-0.4621	-1.99697	-1.46541	1.40599	0.9068	1.99697	asymmetry	593.0	26.27839
00703	candidate_pool	0.06333	0.25556	0.72363	-0.00144	7e-05	0.00881	0.1	-0.00099	0.04941	-0.25302	0.27327	-0.56119	0.0	0.88165	0.96302	0.96302	hf_noise	562.0	19.30298
00704	candidate_pool	0.0	0.12512	0.1607	-0.00014	4e-05	0.00688	0.1	-0.01914	0.02601	0.17502	0.15542	-0.62361	0.0	0.202	-0.66653	0.66653	hf_noise	476.0	12.29996
00705	candidate_pool	0.0	0.29583	1.09689	0.00241	-0.00017	0.01495	0.1	-0.0045	0.0314	1.01371	-0.67189	-0.36369	0.0	0.75017	-0.29101	1.01371	bias	600.0	17.35737
00706	candidate_pool	0.0	0.30467	0.46787	-0.00625	-1e-05	0.06059	0.2	-0.06653	0.06558	-1.83809	-0.03374	1.10645	1.46541	-1.57198	2.08901	2.08901	hf_noise	600.0	26.40329
00707	candidate_pool	0.0	0.15416	0.15188	-0.00099	7e-05	0.05203	0.1	-0.07814	0.02453	-0.10643	0.27439	0.83055	0.0	-2.00636	-0.7696	2.00636	gain_dev	494.0	13.94419
00708	candidate_pool	0.0	0.16757	0.10501	0.00046	9e-05				0.04035	0.37295	0.34163				0.33212	0.37295	bias	600.0	25.51401
00709	candidate_pool	0.0	0.12725	0.2286	-0.00405	0.00027		0.2	-0.11106	0.02536	-1.11332	1.03453		1.46541	-3.2387	-0.71134	3.2387	gain_dev	600.0	20.97105
00710	candidate_pool	0.0	0.39644	0.65729	-0.00418	-4e-05	-0.02244	0.0	0.0199	0.04661	-1.15617	-0.18465	-1.56782	-1.46541	1.66334	0.76845	1.66334	gain_dev	600.0	20.52152
00712	candidate_pool	0.0	0.20113	0.17441	-0.00067	-0.00023		0.2	-0.1096	0.03167	-0.00162	-0.88991		1.46541	-3.18411	-0.27206	3.18411	gain_dev	599.0	26.41683
00713	candidate_pool	0.0	0.23565	0.68988	0.00067	-0.00051		0.1	-0.02029	0.03935	0.43968	-1.98514		0.0	0.15895	0.2627	1.98514	drift	600.0	23.27558
00714	candidate_pool	0.0	0.19234	0.19949	-0.00169	0.00011		0.1	-0.01661	0.03487	-0.33746	0.42731		0.0	0.29697	-0.0491	0.42731	drift	599.0	34.45386
00715	candidate_pool	0.0	0.22746	0.67443	0.00177	0.00058	0.05267	0.1	-0.02338	0.04735	0.80501	2.24287	0.85129	0.0	0.04342	0.81974	2.24287	drift	599.0	31.29931
00716	candidate_pool	0.0	0.11831	0.56713	-0.00521	0.00027	0.05985	0.2	-0.03588	0.02886	-1.49627	1.01981	1.08231	1.46541	-0.42431	-0.46756	1.49627	bias	600.0	24.09396
00717	candidate_pool	0.0	0.39265	0.49546	-7e-05	0.0001	0.03912	0.1	-0.04516	0.06178	0.19888	0.3721	0.41469	0.0	-0.77201	1.82464	1.82464	hf_noise	599.0	26.59184
00718	candidate_pool	0.0	0.27238	0.71817	-0.00015	-0.00034	0.03327	0.1	-0.02511	0.04429	0.17237	-1.33459	0.22644	0.0	-0.02119	0.60649	1.33459	drift	600.0	26.15041
00720	candidate_pool	0.0	0.30319	0.77701	0.00191	-0.0003	0.01313	0.1	-0.01161	0.04566	0.84876	-1.1647	-0.42218	0.0	0.48413	0.70182	1.1647	drift	599.0	25.2044
00721	candidate_pool	0.0	0.11556	0.05611	-0.00317	-0.00013				0.01251	-0.82229	-0.51168				-1.60632	1.60632	hf_noise	600.0	8.57922
00722	candidate_pool	0.02333	0.41727	0.88902	-0.00106	-7e-05	-0.00863	0.1	0.00707	0.0389	-0.12788	-0.28356	-1.12291	0.0	1.18331	0.23122	1.18331	gain_dev	586.0	15.14625
00723	candidate_pool	0.0	0.22521	0.75815	0.00858	-0.00037	0.01734	0.0	-0.0001	0.03867	3.0461	-1.46441	-0.28653	-1.46541	0.91505	0.215	3.0461	bias	599.0	27.48525
00724	candidate_pool	0.0	0.52262	0.52723	-0.00714	7e-05	0.05077	0.2	-0.05142	0.05699	-2.13097	0.25654	0.79011	1.46541	-1.00624	1.491	2.13097	bias	600.0	28.44457
00725	candidate_pool	0.0	0.19735	0.20489	-0.00021	4e-05		0.2	-0.05938	0.04043	0.1526	0.1462		1.46541	-1.304	0.33772	1.46541	lag	599.0	33.06921
00726	candidate_pool	0.0	0.37812	1.43478	-0.00228	0.00019	0.02215	0.1	-0.00393	0.06372	-0.5287	0.70687	-0.13159	0.0	0.77132	1.95927	1.95927	hf_noise	599.0	21.46593
00727	model_domain	0.17529	0.31243	0.26711	-8e-05	-0.00021		0.0	0.01436	0.02972									494.0	19.97351
00729	candidate_pool	0.0	0.14646	0.15931	-0.00188	0.00031	0.05499	0.2	-0.07491	0.03242	-0.39889	1.17561	0.92593	1.46541	-1.8854	-0.21978	1.8854	gain_dev	548.0	20.11424
00731	candidate_pool	0.0	0.20285	0.1173	0.00059	0.00019				0.03982	0.41545	0.7115				0.29503	0.7115	drift	599.0	28.35935
00733	candidate_pool	0.0	0.06412	0.04469	-0.00096	-0.00013				0.00905	-0.09527	-0.50318				-1.8472	1.8472	hf_noise	599.0	12.0259
00735	candidate_pool	0.05	0.28242	0.48717	6e-05	0.00021	0.01063	0.1	-0.02013	0.04031	0.2398	0.80826	-0.50263	0.0	0.16506	0.32956	0.80826	drift	570.0	18.62889
00736	candidate_pool	0.06667	0.31246	0.17033	-0.00133	-2e-05	0.00882	0.1	0.00147	0.02362	-0.21756	-0.10845	-0.56102	0.0	0.97349	-0.833	0.97349	gain_dev	560.0	11.37895
00737	candidate_pool	0.06	0.45197	0.67998	0.00304	0.00062	0.01994	0.1	-0.01292	0.05377	1.22289	2.38791	-0.20272	0.0	0.43484	1.26641	2.38791	drift	564.0	22.67332
00738	candidate_pool	0.0	0.23034	0.60198	-0.00055	-0.00038	0.00173	0.0	-0.00221	0.03523	0.03867	-1.4732	-0.78939	-1.46541	0.83579	-0.02438	1.4732	drift	600.0	21.14254
00739	candidate_pool	0.0	0.23269	0.41173	-0.00157	8e-05	0.00676	0.1	-0.01342	0.03366	-0.29802	0.2884	-0.62725	0.0	0.41645	-0.13332	0.62725	asymmetry	600.0	23.13681
00740	candidate_pool	0.0	0.22662	0.25007	0.00024	-3e-05		0.2	-0.02248	0.04278	0.29938	-0.12415		1.46541	0.07726	0.50156	1.46541	lag	600.0	28.97219
00741	candidate_pool	0.0	0.04925	0.1618	-0.00131	-9e-05		0.0	0.00686	0.00766	-0.21052	-0.34598		-1.46541	1.17522	-1.94416	1.94416	hf_noise	600.0	8.09414
00744	response_candidate	0.0	0.23094	0.22795	-0.00017	-0.00019		0.1	-0.13605	0.04284	0.16589	-0.75474		0.0	-4.17411	0.50587	4.17411	gain_dev	600.0	26.97666
00745	candidate_pool	0.0	0.23521	0.57983	-0.00113	-0.00032	0.03504	0.0	-0.01633	0.03246	-0.15064	-1.24002	0.28331	-1.46541	0.30735	-0.21716	1.46541	lag	599.0	24.257
00746	candidate_pool	0.0	0.16039	0.42646	-0.00418	-0.00061	0.06137	0.1	-0.03918	0.04132	-1.15456	-2.39818	1.13145	0.0	-0.54785	0.39986	2.39818	drift	599.0	25.07332
00747	response_candidate	0.0	0.21231	0.74119	-0.00454	0.00164	0.07757	0.0	-0.04401	0.04894	-1.27472	6.36366	1.65328	-1.46541	-0.72864	0.93054	6.36366	drift	600.0	25.91806
00748	candidate_pool	0.0	0.0813	0.30335	0.0013	0.00015	-0.00798	0.0	0.00884	0.01773	0.64736	0.57139	-1.10219	-1.46541	1.24941	-1.24314	1.46541	lag	601.0	14.91485
00749	candidate_pool	0.0	0.24684	0.12642	0.00188	0.00014				0.04111	0.84068	0.53065				0.38495	0.84068	bias	600.0	16.2062
00750	candidate_pool	0.0	0.10163	0.67006	0.00538	-9e-05	0.0076	0.0	-0.00566	0.02666	1.99152	-0.35481	-0.60043	-1.46541	0.70681	-0.62132	1.99152	bias	599.0	23.63617
00751	candidate_pool	0.0	0.34656	0.41772	-0.00035	0.00055	0.14239	0.2	-0.06798	0.05217	0.10679	2.12418	3.74083	1.46541	-1.62601	1.15541	3.74083	asymmetry	599.0	24.53564
00752	candidate_pool	0.0	0.13815	0.07243	-0.00144	0.0001				0.01965	-0.25453	0.38515				-1.10904	1.10904	hf_noise	335.0	7.22036
00753	candidate_pool	0.0	0.04354	0.03437	-0.0009	-1e-05				0.0074	-0.0774	-0.04239				-1.96231	1.96231	hf_noise	384.0	9.9667
00754	candidate_pool	0.0	0.20639	0.45989	-0.00366	1e-05	0.0082	0.1	-0.01917	0.03326	-0.98337	0.03176	-0.58093	0.0	0.2011	-0.16128	0.98337	bias	599.0	23.86326
00755	model_domain	0.17028	0.35476	0.53935	-0.00272	0.00025	-0.03993	0.1	0.03881	0.03266									497.0	10.70858
00756	candidate_pool	0.00186	0.11802	0.39718	-0.00381	-0.00014	0.01813	0.0	-0.01575	0.01849	-1.03499	-0.54853	-0.2613	-1.46541	0.32915	-1.19026	1.46541	lag	538.0	10.29654
00757	candidate_pool	0.0	0.15375	0.2485	0.00198	0.00021	0.0682	0.1	-0.08703	0.03089	0.8738	0.78902	1.35132	0.0	-2.3391	-0.32629	2.3391	gain_dev	599.0	19.94955
00758	candidate_pool	0.0	0.07593	0.04868	-0.00091	-0.0001				0.02257	-0.07773	-0.40588				-0.90619	0.90619	hf_noise	600.0	29.67274
00759	candidate_pool	0.0	0.14198	0.61728	-0.00485	0.00054	0.0222	0.0	-0.01577	0.03492	-1.37731	2.10044	-0.13016	-1.46541	0.32821	-0.04601	2.10044	drift	599.0	27.01403
00760	candidate_pool	0.0	0.17814	0.29532	0.00455	0.00029		0.1	-0.08084	0.04292	1.71779	1.10691		0.0	-2.10751	0.51102	2.10751	gain_dev	599.0	27.23839
00761	candidate_pool	0.0	0.03347	0.04806	-0.00036	-1e-05				0.01056	0.10129	-0.06668				-1.74251	1.74251	hf_noise	388.0	11.90145
00762	candidate_pool	0.0	0.22814	0.73069	-0.0046	1e-05	0.02038	0.1	-0.00427	0.03754	-1.29323	0.01922	-0.1887	0.0	0.7589	0.13623	1.29323	bias	601.0	16.61284
00763	candidate_pool	0.0	0.13782	0.2647	0.00378	-0.00025		0.2	-0.04405	0.02155	1.46563	-0.97071		1.46541	-0.7304	-0.9772	1.46563	bias	600.0	21.51757
00764	candidate_pool	0.0	0.07643	0.14796	-0.00057	3e-05				0.01147	0.03181	0.11924				-1.67904	1.67904	hf_noise	545.0	9.12193
00765	candidate_pool	0.0	0.21874	0.90592	0.00279	0.00054	0.01025	0.1	-0.00637	0.03919	1.13789	2.08549	-0.51506	0.0	0.67998	0.25157	2.08549	drift	599.0	29.26666
00766	candidate_pool	0.0	0.23451	0.23854	-0.00023	-0.0001	0.00484	0.1	-0.04306	0.03645	0.1456	-0.41105	-0.68924	0.0	-0.69315	0.06095	0.69315	gain_dev	600.0	23.54207
00767	candidate_pool	0.0	0.14036	0.02575	0.00015	0.00012				0.01378	0.2687	0.43967				-1.51789	1.51789	hf_noise	600.0	10.36934
00768	candidate_pool	0.0	0.11433	0.47492	0.00484	0.0006	0.04289	0.1	-0.03366	0.02964	1.81453	2.30819	0.53641	0.0	-0.34153	-0.4135	2.30819	drift	600.0	25.8592
00769	candidate_pool	0.0	0.04921	0.04174	-0.00023	-8e-05				0.01053	0.14592	-0.32797				-1.74431	1.74431	hf_noise	599.0	15.9991
00770	candidate_pool	0.0	0.1646	0.44729	-0.00139	0.00061	-0.00137	0.1	-0.01057	0.03104	-0.23867	2.36327	-0.88918	0.0	0.52281	-0.31579	2.36327	drift	600.0	20.02251
00772	candidate_pool	0.0	0.03089	0.01835	-0.00072	-1e-05				0.00675	-0.01649	-0.06018				-2.00776	2.00776	hf_noise	306.0	6.40511
00773	candidate_pool	0.0	0.18678	0.90982	0.00396	-0.00043	0.00955	0.0	-0.00421	0.0295	1.52375	-1.69652	-0.53739	-1.46541	0.76104	-0.42331	1.69652	drift	599.0	15.29202
00774	candidate_pool	0.0	0.11477	0.14211	0.0005	-0.00019				0.02224	0.3866	-0.75584				-0.92904	0.92904	hf_noise	600.0	23.22602
00775	candidate_pool	0.0	0.2143	0.41088	0.00039	-0.00015	0.01868	0.2	-0.01707	0.04224	0.3506	-0.57973	-0.2436	1.46541	0.27968	0.4635	1.46541	lag	600.0	26.45236
00776	candidate_pool	0.0	0.13147	0.04297	-0.00207	-4e-05				0.01848	-0.46012	-0.16322				-1.19087	1.19087	hf_noise	386.0	17.63145
00777	candidate_pool	0.0	0.04318	0.06036	-0.00218	-0.00024				0.00795	-0.49623	-0.93272				-1.92408	1.92408	hf_noise	341.0	6.44818
00778	candidate_pool	0.0	0.12278	0.10994	0.00394	-0.00022				0.01802	1.51783	-0.86805				-1.22255	1.51783	bias	452.0	8.86679
00779	candidate_pool	0.0	0.33586	0.84249	-0.00206	0.00013	0.01088	0.1	-0.00621	0.0423	-0.45763	0.49862	-0.49452	0.0	0.68626	0.46794	0.68626	gain_dev	600.0	14.97671
00780	candidate_pool	0.0	0.2372	0.28191	-0.0059	1e-05	0.04805	0.1	-0.07376	0.03722	-1.72265	0.02989	0.70243	0.0	-1.84229	0.11448	1.84229	gain_dev	599.0	20.55751
00781	candidate_pool	0.0	0.26623	0.2186	5e-05	0.00016	0.03461	0.1	-0.07373	0.03036	0.23851	0.61426	0.26966	0.0	-1.84138	-0.36315	1.84138	gain_dev	599.0	15.71521
00782	candidate_pool	0.0	0.10786	0.06806	0.00051	0.00017				0.0236	0.38834	0.63322				-0.83432	0.83432	hf_noise	600.0	26.63463
00783	candidate_pool	0.0	0.29897	0.35208	-0.01037	1e-05		0.2	-0.09493	0.05277	-3.19551	0.01405		1.46541	-2.63478	1.19735	3.19551	bias	599.0	31.30183
00784	candidate_pool	0.0	0.18914	0.13754	-0.00997	-0.0				0.04108	-3.06156	-0.02879				0.383	3.06156	bias	599.0	19.1141
00785	candidate_pool	0.0	0.08146	0.38213	-0.00042	-0.0	0.00236	0.1	0.00045	0.01776	0.08341	-0.02563	-0.76901	0.0	0.93534	-1.24067	1.24067	hf_noise	599.0	17.19503
00786	candidate_pool	0.0	0.38539	0.43646	-0.00581	-0.00102	0.05556	0.2	-0.08115	0.08081	-1.69219	-3.96148	0.94432	1.46541	-2.11915	3.14985	3.96148	drift	600.0	24.06403
00787	candidate_pool	0.0	0.31779	1.3668	-0.01102	-0.00078	0.06594	0.0	-0.02152	0.05089	-3.41008	-3.03986	1.27871	-1.46541	0.11305	1.06644	3.41008	bias	600.0	21.20615
00788	candidate_pool	0.0	0.11365	0.11165	-0.00154	-0.00047				0.03183	-0.28505	-1.85034				-0.26122	1.85034	drift	600.0	29.05316
00789	candidate_pool	0.0	0.31581	0.99534	-0.00576	0.00081	0.00738	0.0	-0.00604	0.05395	-1.67473	3.12233	-0.60738	-1.46541	0.69246	1.27905	3.12233	drift	599.0	24.13273
00790	candidate_pool	0.0	0.09344	0.14361	-0.0015	-0.00027				0.02363	-0.27473	-1.07966				-0.83175	1.07966	drift	599.0	23.79397
00791	candidate_pool	0.0	0.18468	0.27176	2e-05	-0.00015		0.2	-0.07705	0.04352	0.22856	-0.60043		1.46541	-1.96566	0.55289	1.96566	gain_dev	599.0	34.05276
00792	candidate_pool	0.0	0.09451	0.32032	-0.00083	-0.00013	0.0332	0.0	-0.02195	0.02214	-0.05378	-0.51734	0.22413	-1.46541	0.09699	-0.93567	1.46541	lag	600.0	20.60654
00793	candidate_pool	0.0	0.03774	0.04285	-0.00041	6e-05				0.00779	0.08707	0.2148				-1.93473	1.93473	hf_noise	573.0	11.21785
00794	response_candidate	0.0	0.61288	2.04813	0.00073	-0.00106	0.0834	0.1	-0.02394	0.08196	0.46213	-4.13409	1.84091	0.0	0.02261	3.22952	4.13409	drift	600.0	24.49272
00795	candidate_pool	0.0	0.35856	0.36757	0.00408	0.0004	0.04235	0.1	-0.05613	0.05234	1.56318	1.52861	0.51873	0.0	-1.18244	1.1671	1.56318	bias	599.0	27.21477
00796	candidate_pool	0.06177	0.3402	0.17986	-0.00085	6e-05	0.00218	0.1	-0.03161	0.02366	-0.06086	0.22986	-0.77495	0.0	-0.2647	-0.83028	0.83028	hf_noise	562.0	10.48206
00797	candidate_pool	0.0	0.08459	0.07065	0.0004	-8e-05				0.0219	0.35176	-0.30583				-0.95255	0.95255	hf_noise	599.0	21.23454
00798	candidate_pool	0.07333	0.37927	0.74631	0.00341	0.00023	0.01442	0.0	-0.00229	0.03726	1.34395	0.87757	-0.38078	-1.46541	0.83276	0.11701	1.46541	lag	556.0	14.76289
00799	candidate_pool	0.0	0.178	0.52433	0.00478	-0.00057	-0.00697	0.1	0.02839	0.03554	1.79624	-2.24343	-1.06954	0.0	1.98124	-0.00288	2.24343	drift	600.0	17.1987
00800	candidate_pool	0.0	0.18415	1.00036	-0.00413	0.0004	0.03825	0.1	-0.0258	0.03991	-1.14099	1.53754	0.38676	0.0	-0.04723	0.30136	1.53754	drift	600.0	25.9853
00801	candidate_pool	0.0	0.10758	0.16326	-0.00815	-0.0008		0.1	-0.09519	0.02158	-2.46396	-3.13298		0.0	-2.64449	-0.97502	3.13298	drift	340.0	17.66546
00803	candidate_pool	0.0	0.26599	1.29664	0.00091	-0.00031	-0.00512	0.0	0.00098	0.03358	0.52061	-1.22385	-1.01003	-1.46541	0.95543	-0.1391	1.46541	lag	599.0	20.45299
00804	candidate_pool	0.0	0.05099	0.04894	-0.00192	1e-05				0.00858	-0.41318	0.03211				-1.87972	1.87972	hf_noise	397.0	9.84979
00805	candidate_pool	0.0	0.11417	0.12144	-0.00472	-0.001				0.02177	-1.33504	-3.90595				-0.96125	3.90595	drift	303.0	19.98963
00806	candidate_pool	0.0	0.29917	0.97414	-0.00261	0.00038	0.02317	0.1	-0.00859	0.05734	-0.63993	1.47864	-0.09899	0.0	0.59695	1.51561	1.51561	hf_noise	600.0	23.39425
00807	candidate_pool	0.0	0.10895	0.07858	-0.00083	7e-05				0.02116	-0.05224	0.24485				-1.00379	1.00379	hf_noise	599.0	20.71364
00808	response_candidate	0.0	0.25829	0.21579	-0.00225	-8e-05		0.2	-0.13148	0.04161	-0.51956	-0.33766		1.46541	-4.00306	0.42007	4.00306	gain_dev	600.0	27.76078
00809	candidate_pool	0.0	0.18691	0.81186	-0.00526	7e-05	0.01162	0.0	-0.00797	0.0427	-1.51199	0.27424	-0.47075	-1.46541	0.6204	0.4959	1.51199	bias	599.0	24.17067
00810	candidate_pool	0.0	0.21282	0.31709	-0.00289	0.00018		0.2	-0.03121	0.03768	-0.73024	0.68636		1.46541	-0.24953	0.14664	1.46541	lag	600.0	30.36599
00811	candidate_pool	0.0	0.23398	0.64381	0.00216	9e-05	0.07499	0.2	-0.05108	0.04074	0.93182	0.34441	1.56998	1.46541	-0.99359	0.3595	1.56998	asymmetry	599.0	30.1177
00812	candidate_pool	0.0	0.2201	0.78912	-0.00278	-9e-05	0.04312	0.2	-0.02516	0.04394	-0.69553	-0.37733	0.54365	1.46541	-0.02317	0.58205	1.46541	lag	599.0	26.45862
00814	candidate_pool	0.06667	0.24748	0.20268	-0.00625	-0.00025		0.0	-0.11662	0.0266	-1.83728	-0.98768		-1.46541	-3.44674	-0.62535	3.44674	gain_dev	560.0	20.17219
00815	candidate_pool	0.0	0.22562	0.12784	-0.00276	0.00027				0.03563	-0.68714	1.04451				0.00343	1.04451	drift	349.0	12.78526
00816	candidate_pool	0.0	0.12162	0.2783	0.00185	-3e-05		0.1	-0.01381	0.02419	0.83085	-0.12874		0.0	0.40169	-0.79284	0.83085	bias	600.0	20.08834
00817	candidate_pool	0.0	0.15014	0.28544	0.00034	-2e-05		0.2	-0.07723	0.03377	0.33147	-0.07298		1.46541	-1.97245	-0.12584	1.97245	gain_dev	600.0	24.99691
00818	model_domain	0.11755	0.40774	0.53692	0.00025	-0.00014	0.00824	0.1	-0.01334	0.03646									518.0	18.11429
00819	candidate_pool	0.0	0.12582	0.10801	0.0013	4e-05				0.03026	0.64881	0.15245				-0.37041	0.64881	bias	600.0	23.99513
00820	candidate_pool	0.0	0.08561	0.10854	0.00146	0.0				0.0234	0.70042	0.00319				-0.848	0.848	hf_noise	599.0	22.95259
00821	candidate_pool	0.0	0.13059	0.66426	-0.00105	-0.00015	0.02357	0.0	-0.02033	0.03753	-0.12414	-0.58349	-0.08584	-1.46541	0.15742	0.13561	1.46541	lag	600.0	23.74033
00822	candidate_pool	0.0	0.18711	0.27087	-0.00808	-3e-05		0.1	-0.0315	0.04062	-2.43918	-0.1291		0.0	-0.26063	0.35094	2.43918	bias	600.0	34.43644
00823	candidate_pool	0.0	0.12852	0.26868	-0.00524	-0.00027		0.1	-0.07038	0.03294	-1.50483	-1.0646		0.0	-1.71589	-0.18355	1.71589	gain_dev	600.0	27.03086
00824	candidate_pool	0.0	0.08323	0.06013	-0.00015	-6e-05				0.00964	0.1706	-0.25682				-1.80629	1.80629	hf_noise	479.0	12.42432
00825	candidate_pool	0.0	0.11455	0.13731	0.00309	-0.00032				0.03501	1.23745	-1.23942				-0.03944	1.23942	drift	600.0	34.42729
00826	candidate_pool	0.0	1.03425	1.26863	-0.00129	-0.00032	0.01992	0.1	-0.00289	0.08601	-0.20548	-1.26952	-0.20347	0.0	0.81044	3.51191	3.51191	hf_noise	600.0	21.75115
00827	candidate_pool	0.0	0.13807	0.20991	-0.00233	0.00024		0.2	-0.04993	0.02696	-0.54772	0.92165		1.46541	-0.95036	-0.60044	1.46541	lag	599.0	23.90367
00829	candidate_pool	0.0	0.22938	0.50696	8e-05	0.00027	0.0232	0.2	-0.01518	0.0536	0.2457	1.05086	-0.09804	1.46541	0.35036	1.25489	1.46541	lag	600.0	25.73074
00830	candidate_pool	0.0	0.14218	0.07412	-0.00175	-1e-05				0.0174	-0.35507	-0.05063				-1.2657	1.2657	hf_noise	600.0	19.2503
00831	candidate_pool	0.0	0.21317	0.61899	0.00274	0.00023	0.02698	0.1	-0.02864	0.04836	1.12242	0.86768	0.02383	0.0	-0.15335	0.88998	1.12242	bias	599.0	23.59479
00833	candidate_pool	0.0	0.1569	0.59572	0.00261	0.00019	-0.00075	0.1	-0.00156	0.03627	1.07899	0.71031	-0.86935	0.0	0.86031	0.04789	1.07899	bias	600.0	20.00602
00835	candidate_pool	0.0	0.04408	0.02631	-0.00281	4e-05				0.01074	-0.70433	0.12971				-1.72956	1.72956	hf_noise	555.0	10.32098
00836	candidate_pool	0.0	0.17212	0.08886	-0.00427	0.0004				0.02964	-1.18536	1.55826				-0.41354	1.55826	drift	599.0	23.38485
00837	candidate_pool	0.0	0.22115	0.94708	-0.00125	-0.00066	0.06522	0.1	-0.02948	0.04091	-0.19058	-2.59079	1.25532	0.0	-0.18477	0.37127	2.59079	drift	600.0	19.73496
00838	response_candidate	0.0	0.73951	0.29976	-0.00958	-0.00059	0.24767	0.0	-0.21013	0.05985	-2.93522	-2.30162	7.13149	-1.46541	-6.94708	1.69022	7.13149	asymmetry	600.0	23.95202
00839	candidate_pool	0.0	0.11161	0.09105	-0.00558	-0.0001				0.02647	-1.61812	-0.40873				-0.63442	1.61812	bias	600.0	30.19032
00840	candidate_pool	0.0	0.14346	0.07572	-0.00084	0.00012				0.02006	-0.05621	0.4413				-1.08042	1.08042	hf_noise	599.0	13.89465
00841	candidate_pool	0.0	0.22447	0.07932	-0.00127	-9e-05				0.02182	-0.1973	-0.38176				-0.95837	0.95837	hf_noise	517.0	11.39725
00842	candidate_pool	0.0	0.02694	0.01663	0.00012	7e-05				0.00544	0.26019	0.27634				-2.09861	2.09861	hf_noise	455.0	6.40286
00843	candidate_pool	0.0	0.19708	0.4123	0.00173	-0.00048		0.2	-0.02966	0.04868	0.78956	-1.88811		1.46541	-0.19169	0.91223	1.88811	drift	600.0	34.57898
00844	response_candidate	0.0	0.1808	0.17565	-0.00029	-0.00021		0.1	-0.22638	0.03058	0.12459	-0.8262		0.0	-7.55536	-0.3484	7.55536	gain_dev	599.0	25.3635
00845	response_candidate	0.0	0.27631	0.2575	0.00115	0.00013	0.13187	0.1	-0.15343	0.0406	0.59783	0.5093	3.40187	0.0	-4.82456	0.34935	4.82456	gain_dev	600.0	22.53592
00846	candidate_pool	0.0	0.09826	0.36051	-0.0004	0.00012	0.02836	0.0	-0.02634	0.01428	0.09038	0.45871	0.06829	-1.46541	-0.06745	-1.48314	1.48314	hf_noise	531.0	12.30892
00847	candidate_pool	0.0	0.12638	0.72627	-0.00537	0.00018	0.0051	0.1	-0.0087	0.03255	-1.54725	0.66809	-0.6807	0.0	0.59293	-0.21117	1.54725	bias	599.0	32.23156
00848	candidate_pool	0.00342	0.17711	0.54293	0.00147	0.0001	-0.00279	0.0	0.00222	0.01672	0.70336	0.35783	-0.93482	-1.46541	1.00179	-1.31324	1.46541	lag	582.0	8.73866
00850	candidate_pool	0.0	0.16095	0.15444	0.00122	-0.00018	0.01507	0.1	-0.05145	0.02563	0.62088	-0.69944	-0.35959	0.0	-1.00723	-0.69291	1.00723	gain_dev	600.0	15.75689
00851	candidate_pool	0.08801	0.24042	0.22495	0.00287	-9e-05	-0.00301	0.0	0.00535	0.03336	1.16511	-0.3466	-0.94207	-1.46541	1.119	-0.15456	1.46541	lag	487.0	10.40646
00852	candidate_pool	0.0	0.04311	0.11664	-0.00409	0.00016				0.00779	-1.12625	0.62515				-1.93539	1.93539	hf_noise	312.0	8.30605
00853	candidate_pool	0.0	0.24971	0.43784	-0.003	-0.00021	0.05076	0.1	-0.04858	0.04375	-0.7669	-0.81576	0.78977	0.0	-0.89973	0.56892	0.89973	gain_dev	599.0	19.95768
00854	response_candidate	0.04651	0.1895	1.05508	-0.02172	-0.00245	0.073	0.0	-0.02403	0.03203	-6.93306	-9.55408	1.50591	-1.46541	0.01901	-0.24697	9.55408	drift	369.0	21.42582
00855	candidate_pool	0.0	0.06095	0.06363	-0.00146	-5e-05				0.01242	-0.25912	-0.18941				-1.61271	1.61271	hf_noise	491.0	14.11077
00856	candidate_pool	0.0	0.13946	0.44824	0.00165	0.00044	0.03695	0.1	-0.03974	0.03118	0.76284	1.68345	0.34503	0.0	-0.56897	-0.30664	1.68345	drift	600.0	25.9933
00857	response_candidate	0.0	0.35324	0.40243	0.00418	-0.00049	0.19908	0.2	-0.12543	0.05239	1.59669	-1.90774	5.56644	1.46541	-3.77659	1.17061	5.56644	asymmetry	599.0	22.47637
00858	candidate_pool	0.0	0.29607	0.35827	-0.00191	-0.00046		0.1	-0.01589	0.06161	-0.4084	-1.8198		0.0	0.32389	1.81264	1.8198	drift	599.0	25.6918
00859	candidate_pool	0.0	0.0942	0.44415	-0.00768	0.00081		0.0	-0.02022	0.02547	-2.31022	3.1563		-1.46541	0.16183	-0.70405	3.1563	drift	468.0	18.31146
00860	response_candidate	0.0	0.24427	0.185	-0.00206	-0.00012	0.06561	0.1	-0.14617	0.03117	-0.45877	-0.48881	1.26786	0.0	-4.553	-0.30694	4.553	gain_dev	593.0	19.54136
00861	candidate_pool	0.0354	0.15972	0.09446	0.00045	-0.00036				0.0283	0.36736	-1.42077				-0.50654	1.42077	drift	436.0	22.06408
00862	candidate_pool	0.0	0.15945	0.16227	-0.00346	-0.00011	0.0516	0.1	-0.07167	0.03306	-0.9181	-0.45321	0.81668	0.0	-1.76436	-0.17555	1.76436	gain_dev	600.0	18.2885
00863	candidate_pool	0.0	0.24478	0.56146	0.00036	0.00055	0.06035	0.1	-0.04563	0.06484	0.3394	2.1126	1.09848	0.0	-0.78934	2.03731	2.1126	drift	599.0	27.85859
00864	candidate_pool	0.0	0.17942	0.74883	0.00278	-0.00069	0.01373	0.1	-0.01737	0.05394	1.1361	-2.68949	-0.40291	0.0	0.26843	1.27878	2.68949	drift	600.0	26.64883
00865	candidate_pool	0.0	0.08709	0.08271	-0.00058	-0.00019				0.01679	0.03027	-0.76041				-1.30857	1.30857	hf_noise	498.0	18.26059
00866	candidate_pool	0.0	0.40539	0.92158	0.01049	2e-05	0.03526	0.1	-0.01923	0.06263	3.67627	0.05614	0.29058	0.0	0.19879	1.88351	3.67627	bias	600.0	30.56898
00867	candidate_pool	0.0	0.12419	0.41631	-0.00257	0.00021	0.02749	0.1	-0.02716	0.0239	-0.62427	0.81394	0.04041	0.0	-0.09797	-0.81352	0.81394	drift	600.0	19.02408
00868	candidate_pool	0.0	0.14558	0.96164	0.01017	0.00071	0.03365	0.0	-0.02077	0.02793	3.56819	2.75863	0.23866	-1.46541	0.14101	-0.53268	3.56819	bias	599.0	21.37946
00869	candidate_pool	0.0	0.16299	0.20289	-0.00466	-0.0001		0.1	-0.05955	0.03743	-1.31522	-0.3916		0.0	-1.31052	0.12868	1.31522	bias	600.0	27.46442
00870	candidate_pool	0.0	0.05474	0.02885	0.00163	-8e-05				0.00733	0.75735	-0.32896				-1.96744	1.96744	hf_noise	446.0	5.85944
00871	candidate_pool	0.0	0.17456	0.24967	0.00252	0.00032		0.1	-0.05085	0.03759	1.04959	1.2437		0.0	-0.98477	0.13996	1.2437	drift	599.0	30.32117
00872	candidate_pool	0.0	0.05953	0.07965	-0.00145	-0.00036				0.01032	-0.25796	-1.41217				-1.75887	1.75887	hf_noise	414.0	8.44962
00873	candidate_pool	0.00835	1.40518	0.32583	-0.00678	7e-05	0.02937	0.0	-0.04303	0.08644	-2.01097	0.2514	0.10088	-1.46541	-0.69197	3.54175	3.54175	hf_noise	594.0	14.19445
00874	candidate_pool	0.0	0.10069	0.0924	0.00149	0.00027				0.02707	0.71044	1.05317				-0.59264	1.05317	drift	600.0	28.03602
00875	candidate_pool	0.0	0.18927	0.32959	-0.00201	-0.00014		0.1	-0.06776	0.04926	-0.44261	-0.54712		0.0	-1.61771	0.95279	1.61771	gain_dev	600.0	22.72668
00876	candidate_pool	0.0	0.15579	0.98895	0.00084	0.00025	0.06609	0.1	-0.02919	0.03292	0.49748	0.97799	1.28357	0.0	-0.17416	-0.18549	1.28357	asymmetry	600.0	22.34602
00877	candidate_pool	0.0	0.17019	0.64309	0.00606	-3e-05	0.01328	0.0	-0.0136	0.04123	2.21659	-0.13527	-0.41744	-1.46541	0.40961	0.39348	2.21659	bias	600.0	23.36794
00878	candidate_pool	0.0	0.31845	0.57888	0.00494	-0.00027	0.0788	0.0	-0.00907	0.04037	1.84591	-1.06257	1.69277	-1.46541	0.57926	0.33348	1.84591	bias	599.0	19.30402
00879	candidate_pool	0.0	0.31266	0.416	0.00065	0.00033	0.04905	0.1	-0.05608	0.03545	0.43368	1.28658	0.73451	0.0	-1.1808	-0.00872	1.28658	drift	600.0	21.87741
00880	candidate_pool	0.0	0.24177	0.80681	-0.00383	-0.00012	0.00982	0.1	-0.00869	0.0439	-1.03982	-0.48963	-0.52881	0.0	0.59328	0.57929	1.03982	bias	599.0	26.75148
00881	candidate_pool	0.0	0.0623	0.04229	-0.00113	1e-05				0.0102	-0.15003	0.00904				-1.76703	1.76703	hf_noise	599.0	13.1757
00882	candidate_pool	0.0	0.1936	0.53007	0.00417	-0.0005	0.00385	0.1	-0.0053	0.0433	1.59493	-1.95886	-0.72102	0.0	0.72028	0.53795	1.95886	drift	599.0	26.37002
00883	candidate_pool	0.0	0.14462	0.10918	0.00014	0.0001				0.02098	0.26607	0.35994				-1.01678	1.01678	hf_noise	504.0	10.35432
00884	candidate_pool	0.0	0.24238	0.33038	0.00018	0.00023	0.04504	0.2	-0.06064	0.0487	0.27863	0.8915	0.6056	1.46541	-1.35142	0.91368	1.46541	lag	599.0	23.66677
00885	candidate_pool	0.0	0.48937	0.63159	-0.00295	-0.00076	0.04142	0.1	-0.04177	0.07368	-0.75165	-2.97916	0.48893	0.0	-0.64479	2.65306	2.97916	drift	600.0	30.89418
00886	candidate_pool	0.0	0.04229	0.04674	-0.00079	1e-05				0.00657	-0.03845	0.01901				-2.02019	2.02019	hf_noise	495.0	7.23484
00887	candidate_pool	0.0	0.3103	0.49306	-0.00214	-0.00024	0.05353	0.2	-0.04879	0.04906	-0.48287	-0.96063	0.87906	1.46541	-0.90787	0.93872	1.46541	lag	600.0	24.82374
00888	candidate_pool	0.0	0.19572	0.2297	0.00034	-0.0		0.1	-0.01929	0.03826	0.33214	-0.01733		0.0	0.1964	0.18655	0.33214	bias	598.0	21.06878
00889	candidate_pool	0.0	0.31446	1.27116	0.00302	0.00064	0.07013	0.1	-0.03341	0.06373	1.21361	2.47296	1.4134	0.0	-0.33193	1.96028	2.47296	drift	600.0	22.7731
00890	candidate_pool	0.0	0.10448	0.17171	-0.00116	8e-05		0.2	-0.00037	0.01428	-0.16129	0.29996		1.46541	0.90476	-1.48321	1.48321	hf_noise	579.0	11.39457
00891	response_candidate	0.0	0.22029	0.74611	-1e-05	0.00142	0.02759	0.0	-0.0335	0.05109	0.21845	5.52236	0.04357	-1.46541	-0.33544	1.08043	5.52236	drift	600.0	24.34242
00892	candidate_pool	0.01833	0.55845	0.81216	-0.00098	-0.00026	0.06516	0.1	-0.02234	0.05884	-0.10118	-1.02758	1.25351	0.0	0.08234	1.61952	1.61952	hf_noise	482.0	15.98219
00893	model_domain	0.10333	0.37281	0.40716	-0.00453	7e-05	-0.0152	0.1	0.02375	0.03392									538.0	17.60369
00894	candidate_pool	0.0	0.2832	0.26069	0.00673	3e-05	0.01993	0.1	-0.06808	0.06218	2.43689	0.11734	-0.2032	0.0	-1.62968	1.85217	2.43689	bias	599.0	20.44338
00895	candidate_pool	0.0	0.26456	0.20986	0.00807	-0.00032		0.1	-0.10183	0.03652	2.87907	-1.26217		0.0	-2.89322	0.06529	2.89322	gain_dev	599.0	27.31857
00896	candidate_pool	0.0	0.06356	0.02722	0.00075	-2e-05				0.01273	0.4674	-0.08384				-1.59087	1.59087	hf_noise	430.0	11.05101
00897	candidate_pool	0.0	0.27176	0.40852	-0.00601	0.00032	0.02051	0.1	-0.02128	0.03785	-1.75926	1.23753	-0.18436	0.0	0.12212	0.15815	1.75926	bias	443.0	16.28217
00898	candidate_pool	0.0	0.2013	0.20413	-0.00124	0.00043		0.2	-0.12497	0.04278	-0.18933	1.65247		1.46541	-3.75942	0.50128	3.75942	gain_dev	599.0	25.98768
00899	candidate_pool	0.0818	0.36445	0.18462	-0.00095	6e-05	0.01309	0.1	-0.02028	0.03192	-0.0921	0.21787	-0.42362	0.0	0.1596	-0.25482	0.42362	asymmetry	550.0	14.12138
00900	model_domain	0.10422	0.21506	0.53152	-0.00408	0.00013	-0.02925	0.0	0.02221	0.0202									361.0	11.7216
00901	candidate_pool	0.0	0.17263	0.44479	-0.00056	0.00033	0.01289	0.1	0.0128	0.02366	0.03674	1.2545	-0.42993	0.0	1.39765	-0.83027	1.39765	gain_dev	600.0	14.76209
00902	candidate_pool	0.0	0.14207	0.4767	-0.0012	0.00042		0.1	-0.03028	0.04289	-0.17324	1.63263		0.0	-0.21482	0.50919	1.63263	drift	600.0	34.88465
00903	candidate_pool	0.0	0.05766	0.03948	-0.00093	-0.00014				0.01063	-0.08422	-0.54584				-1.73765	1.73765	hf_noise	474.0	13.76528
00904	candidate_pool	0.0	0.06438	0.11955	-6e-05	6e-05				0.01201	0.20241	0.23046				-1.64105	1.64105	hf_noise	600.0	8.94274
00905	model_domain	0.18685	0.56393	0.70746	0.00467	0.00012	0.02021	0.1	-0.02089	0.05102									470.0	18.96849
00906	candidate_pool	0.0	0.32648	0.99371	0.00214	3e-05	0.01665	0.2	-0.01213	0.04432	0.92483	0.0856	-0.30898	1.46541	0.46456	0.60881	1.46541	lag	599.0	29.09592
00907	candidate_pool	0.0	0.06545	0.16973	-0.00124	-2e-05		0.2	-0.00557	0.01836	-0.18896	-0.08699		1.46541	0.71021	-1.19918	1.46541	lag	599.0	21.35064
00908	candidate_pool	0.0	0.24416	0.27055	-0.00241	-0.00055	0.03576	0.1	-0.07357	0.04353	-0.5731	-2.1558	0.30654	0.0	-1.83534	0.55335	2.1558	drift	600.0	22.92857
00909	candidate_pool	0.0	0.19614	0.13151	0.00258	-6e-05				0.04248	1.06986	-0.26136				0.48026	1.06986	bias	600.0	33.41313
00910	candidate_pool	0.0	0.12733	0.12561	-0.00065	5e-05				0.02943	0.00518	0.18712				-0.4282	0.4282	hf_noise	514.0	17.93593
00911	candidate_pool	0.0	0.18909	0.34267	-0.0026	-6e-05	0.02447	0.2	-0.03095	0.03722	-0.63582	-0.22752	-0.05683	1.46541	-0.23995	0.11444	1.46541	lag	583.0	17.71523
00912	candidate_pool	0.0	0.30686	0.40325	-0.00048	2e-05	-0.00879	0.1	0.00714	0.04334	0.06141	0.08288	-1.12823	0.0	1.18577	0.54068	1.18577	gain_dev	600.0	12.92838
00913	candidate_pool	0.0	0.11237	0.4337	0.00184	0.00018		0.1	0.01293	0.02561	0.82738	0.68699		0.0	1.40265	-0.69439	1.40265	gain_dev	599.0	22.59149
00914	candidate_pool	0.0	0.22383	0.55186	0.00647	-3e-05	0.03531	0.1	-0.01777	0.04564	2.35074	-0.14586	0.29217	0.0	0.25348	0.70084	2.35074	bias	600.0	30.69404
00915	candidate_pool	0.0	0.1571	0.12551	-0.00298	0.00027				0.03778	-0.76225	1.03266				0.15302	1.03266	drift	600.0	34.43198
00916	candidate_pool	0.0	0.14112	0.12723	-0.00266	0.00011				0.01468	-0.6564	0.39689				-1.45549	1.45549	hf_noise	600.0	12.89148
00918	candidate_pool	0.0	0.20315	0.64898	-0.00944	-0.00044	0.05058	0.1	-0.03524	0.03235	-2.88966	-1.73201	0.78382	0.0	-0.40067	-0.22483	2.88966	bias	599.0	17.79712
00920	candidate_pool	0.01167	0.58569	0.89445	-0.00558	0.00031	-0.02491	0.0	0.01188	0.03916	-1.61806	1.20098	-1.64721	-1.46541	1.36324	0.24932	1.64721	asymmetry	593.0	15.46645
00921	candidate_pool	0.0	0.09126	0.06388	0.00046	2e-05				0.01798	0.3718	0.05678				-1.22548	1.22548	hf_noise	599.0	17.97236
00922	candidate_pool	0.0	0.26817	0.44002	-0.00417	-6e-05	0.03284	0.2	-0.02722	0.05293	-1.15342	-0.24008	0.21255	1.46541	-0.10034	1.20854	1.46541	lag	599.0	25.60571
00923	candidate_pool	0.0	0.20265	1.26651	-0.0023	0.00072	0.0126	0.0	-0.0069	0.04289	-0.53833	2.78066	-0.43937	-1.46541	0.66015	0.50902	2.78066	drift	599.0	24.20237
00924	response_candidate	0.0	0.20392	0.15155	-0.00166	-8e-05		0.2	-0.23472	0.0384	-0.32695	-0.31366		1.46541	-7.86769	0.19633	7.86769	gain_dev	600.0	28.18444
00925	response_candidate	0.0	0.23031	0.16271	0.00389	4e-05		0.2	-0.1885	0.03426	1.50069	0.15239		1.46541	-6.13749	-0.09187	6.13749	gain_dev	599.0	24.30264
00926	candidate_pool	0.0	0.26305	0.73233	0.00511	-0.0004	0.00019	0.0	-0.0043	0.05459	1.90376	-1.55415	-0.83908	-1.46541	0.75746	1.32401	1.90376	bias	599.0	28.56762
00927	candidate_pool	0.0	0.45489	0.26022	-0.00419	4e-05	0.05169	0.1	-0.0489	0.04739	-1.15831	0.13156	0.81977	0.0	-0.91167	0.82265	1.15831	bias	599.0	24.21747
00928	candidate_pool	0.0	0.1515	0.45612	-0.00196	0.00017	0.03013	0.2	-0.02455	0.04315	-0.42535	0.6456	0.12535	1.46541	-0.00034	0.52689	1.46541	lag	600.0	25.70776
00929	candidate_pool	0.0	0.18419	0.35756	-0.00255	0.00046		0.1	-0.05346	0.04236	-0.62059	1.78883		0.0	-1.08247	0.47239	1.78883	drift	335.0	17.59961
00930	candidate_pool	0.05263	0.18367	0.5467	0.00297	-0.00014	-0.01494	0.1	0.02436	0.03906	1.19736	-0.57402	-1.32636	0.0	1.83057	0.24255	1.83057	gain_dev	486.0	15.11607
00931	response_candidate	0.0	0.15542	0.21003	-0.0032	0.00036	0.08784	0.1	-0.13726	0.03491	-0.83315	1.40678	1.98387	0.0	-4.21951	-0.04668	4.21951	gain_dev	600.0	25.76269
00932	candidate_pool	0.0	0.27241	0.53934	-0.0007	0.00047		0.2	-0.04258	0.06111	-0.01114	1.80775		1.46541	-0.67532	1.77816	1.80775	drift	600.0	33.31639
00933	candidate_pool	0.0	0.13266	0.37173	-0.00058	0.00019		0.0	-0.01381	0.02405	0.0286	0.71525		-1.46541	0.40176	-0.80256	1.46541	lag	600.0	28.37918
00934	candidate_pool	0.02083	0.17494	0.61153	-0.00402	-0.0003	0.01256	0.0	-0.0073	0.02795	-1.10201	-1.17722	-0.44061	-1.46541	0.64534	-0.53095	1.46541	lag	470.0	16.29389
00935	candidate_pool	0.0	0.15259	0.82171	0.00091	0.0003	0.01306	0.2	-0.00699	0.02822	0.51998	1.16202	-0.4246	1.46541	0.6568	-0.5121	1.46541	lag	600.0	24.09043
00936	candidate_pool	0.0	0.27424	0.50299	-0.00241	0.00051	0.05674	0.2	-0.02126	0.04742	-0.57214	1.95452	0.98216	1.46541	0.12267	0.82451	1.95452	drift	599.0	26.86676
00937	candidate_pool	0.0	0.18049	0.94957	-0.00508	0.00056	0.01756	0.0	-0.00929	0.0355	-1.45398	2.14627	-0.27949	-1.46541	0.57093	-0.00578	2.14627	drift	600.0	23.60507
00938	candidate_pool	0.0	0.07122	0.10993	-0.00018	-0.0003				0.01047	0.15974	-1.18416				-1.74866	1.74866	hf_noise	309.0	8.3842
00939	candidate_pool	0.0	0.09672	0.09034	-0.00142	-8e-05				0.01468	-0.24707	-0.33799				-1.45545	1.45545	hf_noise	541.0	9.75942
00940	candidate_pool	0.0	0.28249	0.54931	-0.00327	-0.00018	0.04619	0.1	-0.03498	0.05352	-0.85775	-0.69656	0.64239	0.0	-0.3909	1.24917	1.24917	hf_noise	599.0	28.87815
00941	response_candidate	0.0	0.21859	0.20464	-0.00559	0.0001	0.18979	0.2	-0.14574	0.04267	-1.62006	0.36105	5.26737	1.46541	-4.53683	0.4941	5.26737	asymmetry	599.0	25.02091
00942	candidate_pool	0.0	0.0912	0.69678	-0.00343	0.00029		0.0	-0.01692	0.02746	-0.90893	1.12931		-1.46541	0.28542	-0.56562	1.46541	lag	445.0	20.263
00943	candidate_pool	0.0	0.21472	0.62493	0.00591	-0.00014	0.07646	0.1	-0.03561	0.0495	2.16649	-0.54805	1.61751	0.0	-0.4143	0.96927	2.16649	bias	600.0	30.43172
00944	candidate_pool	0.06679	0.50054	0.20293	0.00154	-0.0005	0.01428	0.0	-0.01864	0.02691	0.72896	-1.97038	-0.38509	-1.46541	0.22074	-0.60337	1.97038	drift	503.0	10.70039
00945	candidate_pool	0.0	0.14616	0.76408	-0.00196	0.00035	-0.01814	0.0	0.0033	0.03521	-0.42644	1.3416	-1.42913	-1.46541	1.04231	-0.02592	1.46541	lag	600.0	20.88679
00946	candidate_pool	0.0	0.16283	0.09522	-0.00209	0.00022				0.02734	-0.46821	0.83759				-0.57402	0.83759	drift	600.0	20.92432
00947	candidate_pool	0.0	0.1519	0.29617	-0.00079	3e-05	0.06931	0.1	-0.0767	0.03972	-0.04016	0.1046	1.38714	0.0	-1.95241	0.28845	1.95241	gain_dev	599.0	22.42705
00948	candidate_pool	0.0	0.55718	0.84083	-0.00338	-0.00013	0.10564	0.1	-0.0471	0.06132	-0.89366	-0.51695	2.55704	0.0	-0.84442	1.79272	2.55704	asymmetry	600.0	22.96762
00949	candidate_pool	0.0	0.14495	0.49467	-0.00117	-0.00025	0.02026	0.1	-0.01985	0.03735	-0.16492	-0.99218	-0.19244	0.0	0.17539	0.12347	0.99218	drift	599.0	17.52214
00950	candidate_pool	0.0	0.10004	0.18853	-0.0014	-3e-05		0.0	-0.00788	0.01389	-0.2392	-0.11863		-1.46541	0.6238	-1.51002	1.51002	hf_noise	418.0	8.25043
00951	candidate_pool	0.0	0.34356	0.15747	0.0001	-0.00015		0.2	-0.06514	0.03751	0.25425	-0.59979		1.46541	-1.51985	0.13452	1.51985	gain_dev	600.0	30.11444
00952	candidate_pool	0.0	0.14803	0.21841	-0.00319	9e-05	-0.02413	0.1	0.01843	0.02395	-0.83156	0.34938	-1.6222	0.0	1.60846	-0.80994	1.6222	asymmetry	406.0	9.37601
00953	candidate_pool	0.0	0.2014	0.13425	-0.0002	0.00021				0.03786	0.15503	0.8009				0.15888	0.8009	drift	599.0	32.02726
00954	candidate_pool	0.04237	0.22323	0.11608	0.00023	7e-05				0.02242	0.29765	0.26475				-0.9161	0.9161	hf_noise	452.0	14.33257
00955	candidate_pool	0.0	0.15871	0.14873	-0.00457	4e-05				0.04087	-1.28406	0.14464				0.36816	1.28406	bias	599.0	25.47224
00956	candidate_pool	0.0	0.18367	0.49566	-0.00202	-0.00024	0.0061	0.2	-0.00988	0.03337	-0.44554	-0.92999	-0.64867	1.46541	0.54871	-0.15409	1.46541	lag	600.0	19.85898
00957	candidate_pool	0.0	0.17168	0.26971	-0.00255	1e-05	0.00706	0.1	0.00693	0.02309	-0.61761	0.03996	-0.61783	0.0	1.17804	-0.8699	1.17804	gain_dev	543.0	10.82248
00958	candidate_pool	0.0	0.08698	0.04989	-0.00333	0.00012				0.0229	-0.87614	0.44511				-0.88311	0.88311	hf_noise	599.0	15.16428
00959	model_domain	0.125	0.31543	0.24798	-0.00392	-3e-05		0.0	-0.05982	0.03851									336.0	12.59748
00960	candidate_pool	0.0	0.13273	0.33555	-0.01175	0.00059	-0.07024	0.0	0.01212	0.03332	-3.65043	2.2862	-3.10725	-1.46541	1.37228	-0.157	3.65043	bias	600.0	27.67475
00961	candidate_pool	0.0	0.35889	0.26511	0.00066	-0.00019	0.00906	0.1	-0.01888	0.04138	0.43821	-0.74321	-0.55327	0.0	0.21189	0.40428	0.74321	drift	600.0	24.18373
00962	candidate_pool	0.0	0.17351	0.50483	0.00105	0.0003	0.07339	0.1	-0.0215	0.0404	0.56776	1.1369	1.51853	0.0	0.1138	0.33579	1.51853	asymmetry	600.0	20.68994
00963	candidate_pool	0.0	0.12655	0.5391	-0.00165	8e-05	0.01912	0.1	-0.02164	0.03167	-0.32246	0.28811	-0.22938	0.0	0.10844	-0.27187	0.32246	bias	599.0	21.49588
00964	candidate_pool	0.0	0.1888	0.12007	-0.00089	7e-05				0.04128	-0.07187	0.25782				0.39693	0.39693	hf_noise	599.0	34.42306
00965	candidate_pool	0.01033	0.23548	0.60564	-0.00156	-0.00017	-0.00835	0.1	0.00226	0.032	-0.29194	-0.66751	-1.11393	0.0	1.00339	-0.24937	1.11393	asymmetry	575.0	16.5317
00966	candidate_pool	0.03688	0.27194	0.48803	0.00086	-0.00017	0.04867	0.1	-0.05338	0.04027	0.50409	-0.67138	0.72244	0.0	-1.07968	0.32642	1.07968	gain_dev	444.0	11.81542
00968	candidate_pool	0.0	0.12446	0.82834	-0.00287	-0.00037	0.00024	0.0	-0.00082	0.02919	-0.72521	-1.44697	-0.83733	-1.46541	0.88809	-0.4448	1.46541	lag	600.0	19.95083
00969	candidate_pool	0.0	0.21796	1.00019	0.00271	0.00019	0.00067	0.1	0.00198	0.04058	1.11452	0.71813	-0.82351	0.0	0.99266	0.34856	1.11452	bias	600.0	13.60649
00970	candidate_pool	0.0	0.30616	0.28975	0.00826	0.00084		0.0	-0.09728	0.03908	2.9406	3.25432		-1.46541	-2.72272	0.2437	3.25432	drift	600.0	26.15738
00971	candidate_pool	0.0	0.1026	0.59517	0.00494	-0.00017	0.02241	0.1	-0.02008	0.02913	1.84847	-0.66384	-0.12338	0.0	0.16683	-0.44876	1.84847	bias	600.0	27.35495
00972	candidate_pool	0.0	0.3216	0.91226	-0.00635	-0.00017	0.00862	0.1	0.00899	0.03882	-1.8703	-0.6898	-0.56739	0.0	1.25531	0.22547	1.8703	bias	599.0	18.87993
00973	candidate_pool	0.0	0.23977	0.65208	-0.00064	0.00031	0.09237	0.1	-0.05604	0.04255	0.01002	1.19952	2.12987	0.0	-1.17897	0.48525	2.12987	asymmetry	600.0	25.51988
00974	candidate_pool	0.0	0.22109	0.33687	0.00091	-0.00026		0.0	-0.02209	0.03494	0.51872	-1.01409		-1.46541	0.09157	-0.04428	1.46541	lag	600.0	29.73865
00975	candidate_pool	0.0	0.50077	0.32518	-0.00238	-0.00024		0.1	-0.06464	0.04965	-0.56483	-0.93228		0.0	-1.50122	0.97995	1.50122	gain_dev	599.0	30.2917
00976	candidate_pool	0.0	0.19964	0.44684	-0.00034	0.00017		0.0	-0.04634	0.05012	0.10812	0.65791		-1.46541	-0.81619	1.01278	1.46541	lag	600.0	31.02034
00977	candidate_pool	0.05509	0.52626	0.18899	-0.00137	-2e-05		0.1	-0.00417	0.03384	-0.23079	-0.09826		0.0	0.76265	-0.12114	0.76265	gain_dev	566.0	11.06219
00978	response_candidate	0.0	0.24061	0.1847	0.00121	1e-05		0.2	-0.14502	0.04846	0.61938	0.02958		1.46541	-4.51004	0.8969	4.51004	gain_dev	600.0	30.73193
00979	candidate_pool	0.0	0.13305	0.60529	0.00185	-0.0002	0.0139	0.2	-0.01501	0.0322	0.82835	-0.77627	-0.39741	1.46541	0.35687	-0.23561	1.46541	lag	599.0	27.86837
00980	candidate_pool	0.0	0.33227	0.12308	-0.00309	6e-05				0.04392	-0.79668	0.22575				0.58076	0.79668	bias	599.0	20.80539
00981	candidate_pool	0.0	0.20935	0.26374	-0.00103	1e-05	0.01212	0.1	-0.01577	0.04068	-0.11864	0.01439	-0.45475	0.0	0.32826	0.35508	0.45475	asymmetry	600.0	18.64751
00982	candidate_pool	0.0	0.37494	0.99331	-0.00526	-0.00015	0.01665	0.1	-0.00129	0.04895	-1.51226	-0.58288	-0.30898	0.0	0.87045	0.93108	1.51226	bias	600.0	26.39781
00983	candidate_pool	0.0	0.36039	1.44683	-0.00881	0.00085	0.04396	0.0	-0.0097	0.04785	-2.67921	3.27383	0.57075	-1.46541	0.55554	0.85456	3.27383	drift	599.0	23.87526
00984	response_candidate	0.0	1.19254	0.27044	-0.00523	0.00157	-0.01207	0.1	-0.08332	0.1211	-1.50218	6.08265	-1.23375	0.0	-2.20037	5.95499	6.08265	drift	601.0	23.60516
00985	candidate_pool	0.0	0.16868	0.667	-0.00179	0.00012	-0.01897	0.1	0.01521	0.03313	-0.3682	0.45835	-1.45586	0.0	1.48782	-0.17026	1.48782	gain_dev	554.0	18.86778
00986	candidate_pool	0.0	0.2134	0.11464	-0.00208	-0.00015				0.03934	-0.46581	-0.59572				0.26162	0.59572	drift	600.0	34.22412
00987	candidate_pool	0.0	0.1993	0.34171	-0.00116	-0.00023	0.04807	0.2	-0.03282	0.03576	-0.1607	-0.91404	0.70305	1.46541	-0.30985	0.01267	1.46541	lag	599.0	24.95935
00988	response_candidate	0.0	0.17509	0.16279	0.002	0.00017		0.1	-0.17746	0.02639	0.87867	0.65817		0.0	-5.72425	-0.6399	5.72425	gain_dev	600.0	29.20337
00989	candidate_pool	0.0	0.28804	0.26852	-0.00066	-0.00032		0.2	-0.0857	0.05301	0.00162	-1.27224		1.46541	-2.28941	1.21401	2.28941	gain_dev	599.0	33.50233
00990	candidate_pool	0.0	0.36486	0.49626	-0.00216	-0.00017	0.0749	0.2	-0.065	0.07061	-0.49064	-0.68359	1.56711	1.46541	-1.51449	2.43903	2.43903	hf_noise	599.0	29.77438
00991	candidate_pool	0.0	0.39035	0.42188	-0.00136	0.00019	0.05481	0.2	-0.02754	0.05215	-0.22879	0.74217	0.92006	1.46541	-0.11235	1.15366	1.46541	lag	600.0	29.89192
00992	candidate_pool	0.0	0.18544	0.46267	0.00236	0.00033	-0.00161	0.0	-0.00975	0.03711	0.99722	1.26473	-0.89675	-1.46541	0.55364	0.10687	1.46541	lag	599.0	22.31276
00994	candidate_pool	0.0	0.18327	0.44555	0.0031	0.00033	0.02426	0.2	-0.02443	0.04448	1.24168	1.27885	-0.06368	1.46541	0.0042	0.61991	1.46541	lag	599.0	26.71634
00995	candidate_pool	0.0	0.03689	0.08996	0.00054	-0.0001				0.01082	0.3977	-0.38649				-1.72433	1.72433	hf_noise	478.0	8.3577
00996	candidate_pool	0.0	0.14614	0.22921	0.00389	0.00029	0.12813	0.2	-0.12818	0.03546	1.50254	1.12115	3.28145	1.46541	-3.8797	-0.00796	3.8797	gain_dev	599.0	26.59775
00997	candidate_pool	0.0	0.25882	0.41486	-0.00245	9e-05	0.05673	0.1	-0.05144	0.03452	-0.58514	0.34267	0.98188	0.0	-1.00699	-0.07372	1.00699	gain_dev	600.0	15.91166
00998	candidate_pool	0.0	0.06659	0.04226	0.0008	-3e-05				0.01697	0.48252	-0.12804				-1.29555	1.29555	hf_noise	600.0	15.16746
